anomaly_id,anomaly_category,anomaly_type,station_names,event_start,event_end,affected_feature,severity,affected_rows,removed_rows,added_rows,description,removed_record_json
SF_SPIKE_0001,SENSOR_FAULT,SUDDEN_SPIKE,Bikaner,2021-04-28,2021-04-28,avg_temp,medium,1,0,0,"The average temperature suddenly increased for one observation beyond its expected local pattern, simulating a faulty sensor spike.",
SF_SPIKE_0002,SENSOR_FAULT,SUDDEN_SPIKE,Coimbatore / Peelamedu,2023-07-15,2023-07-15,avg_temp,medium,1,0,0,"The average temperature suddenly increased for one observation beyond its expected local pattern, simulating a faulty sensor spike.",
SF_SPIKE_0003,SENSOR_FAULT,SUDDEN_SPIKE,Patiala,2021-02-28,2021-02-28,avg_temp,high,1,0,0,"The average temperature suddenly increased for one observation beyond its expected local pattern, simulating a faulty sensor spike.",
SF_SPIKE_0004,SENSOR_FAULT,SUDDEN_SPIKE,Patiala,2022-02-12,2022-02-12,avg_temp,high,1,0,0,"The average temperature suddenly increased for one observation beyond its expected local pattern, simulating a faulty sensor spike.",
SF_SPIKE_0005,SENSOR_FAULT,SUDDEN_SPIKE,Thrissur,2024-08-14,2024-08-14,avg_temp,high,1,0,0,"The average temperature suddenly increased for one observation beyond its expected local pattern, simulating a faulty sensor spike.",
SF_SPIKE_0006,SENSOR_FAULT,SUDDEN_SPIKE,Coimbatore / Peelamedu,2022-02-04,2022-02-04,avg_temp,medium,1,0,0,"The average temperature suddenly increased for one observation beyond its expected local pattern, simulating a faulty sensor spike.",
SF_SPIKE_0007,SENSOR_FAULT,SUDDEN_SPIKE,Car Nicobar,2022-09-05,2022-09-05,avg_temp,medium,1,0,0,"The average temperature suddenly increased for one observation beyond its expected local pattern, simulating a faulty sensor spike.",
SF_SPIKE_0008,SENSOR_FAULT,SUDDEN_SPIKE,Shimla / Kanda,2022-01-02,2022-01-02,avg_temp,medium,1,0,0,"The average temperature suddenly increased for one observation beyond its expected local pattern, simulating a faulty sensor spike.",
SF_SPIKE_0009,SENSOR_FAULT,SUDDEN_SPIKE,Palakkad,2021-07-17,2021-07-17,avg_temp,medium,1,0,0,"The average temperature suddenly increased for one observation beyond its expected local pattern, simulating a faulty sensor spike.",
SF_SPIKE_0010,SENSOR_FAULT,SUDDEN_SPIKE,Ambala,2022-08-25,2022-08-25,avg_temp,medium,1,0,0,"The average temperature suddenly increased for one observation beyond its expected local pattern, simulating a faulty sensor spike.",
SF_SPIKE_0011,SENSOR_FAULT,SUDDEN_SPIKE,Shimla / Kanda,2022-09-22,2022-09-22,avg_temp,medium,1,0,0,"The average temperature suddenly increased for one observation beyond its expected local pattern, simulating a faulty sensor spike.",
SF_SPIKE_0012,SENSOR_FAULT,SUDDEN_SPIKE,Una,2023-03-07,2023-03-07,avg_temp,medium,1,0,0,"The average temperature suddenly increased for one observation beyond its expected local pattern, simulating a faulty sensor spike.",
SF_SPIKE_0013,SENSOR_FAULT,SUDDEN_SPIKE,Thrissur,2024-04-20,2024-04-20,avg_temp,medium,1,0,0,"The average temperature suddenly increased for one observation beyond its expected local pattern, simulating a faulty sensor spike.",
SF_SPIKE_0014,SENSOR_FAULT,SUDDEN_SPIKE,Una,2022-06-13,2022-06-13,avg_temp,high,1,0,0,"The average temperature suddenly increased for one observation beyond its expected local pattern, simulating a faulty sensor spike.",
SF_SPIKE_0015,SENSOR_FAULT,SUDDEN_SPIKE,Ambala,2022-01-05,2022-01-05,avg_temp,high,1,0,0,"The average temperature suddenly increased for one observation beyond its expected local pattern, simulating a faulty sensor spike.",
SF_SPIKE_0016,SENSOR_FAULT,SUDDEN_SPIKE,Chandigarh / Surajpur,2024-07-08,2024-07-08,avg_temp,medium,1,0,0,"The average temperature suddenly increased for one observation beyond its expected local pattern, simulating a faulty sensor spike.",
SF_SPIKE_0017,SENSOR_FAULT,SUDDEN_SPIKE,Mandi,2024-05-30,2024-05-30,avg_temp,high,1,0,0,"The average temperature suddenly increased for one observation beyond its expected local pattern, simulating a faulty sensor spike.",
SF_SPIKE_0018,SENSOR_FAULT,SUDDEN_SPIKE,Patiala,2024-03-08,2024-03-08,avg_temp,medium,1,0,0,"The average temperature suddenly increased for one observation beyond its expected local pattern, simulating a faulty sensor spike.",
SF_SPIKE_0019,SENSOR_FAULT,SUDDEN_SPIKE,Patiala,2024-10-11,2024-10-11,avg_temp,high,1,0,0,"The average temperature suddenly increased for one observation beyond its expected local pattern, simulating a faulty sensor spike.",
SF_SPIKE_0020,SENSOR_FAULT,SUDDEN_SPIKE,Coimbatore / Peelamedu,2021-08-20,2021-08-20,avg_temp,medium,1,0,0,"The average temperature suddenly increased for one observation beyond its expected local pattern, simulating a faulty sensor spike.",
SF_SPIKE_0021,SENSOR_FAULT,SUDDEN_SPIKE,Car Nicobar,2025-02-04,2025-02-04,avg_temp,high,1,0,0,"The average temperature suddenly increased for one observation beyond its expected local pattern, simulating a faulty sensor spike.",
SF_SPIKE_0022,SENSOR_FAULT,SUDDEN_SPIKE,Chandigarh / Surajpur,2021-02-01,2021-02-01,avg_temp,high,1,0,0,"The average temperature suddenly increased for one observation beyond its expected local pattern, simulating a faulty sensor spike.",
SF_SPIKE_0023,SENSOR_FAULT,SUDDEN_SPIKE,Sundernagar / Sundarnagar,2022-11-04,2022-11-04,avg_temp,high,1,0,0,"The average temperature suddenly increased for one observation beyond its expected local pattern, simulating a faulty sensor spike.",
SF_SPIKE_0024,SENSOR_FAULT,SUDDEN_SPIKE,Sundernagar / Sundarnagar,2024-01-02,2024-01-02,avg_temp,medium,1,0,0,"The average temperature suddenly increased for one observation beyond its expected local pattern, simulating a faulty sensor spike.",
SF_SPIKE_0025,SENSOR_FAULT,SUDDEN_SPIKE,Mandi,2023-05-25,2023-05-25,avg_temp,high,1,0,0,"The average temperature suddenly increased for one observation beyond its expected local pattern, simulating a faulty sensor spike.",
SF_SPIKE_0026,SENSOR_FAULT,SUDDEN_SPIKE,Thrissur,2021-09-07,2021-09-07,avg_temp,high,1,0,0,"The average temperature suddenly increased for one observation beyond its expected local pattern, simulating a faulty sensor spike.",
SF_SPIKE_0027,SENSOR_FAULT,SUDDEN_SPIKE,Ambala,2021-10-09,2021-10-09,avg_temp,high,1,0,0,"The average temperature suddenly increased for one observation beyond its expected local pattern, simulating a faulty sensor spike.",
SF_SPIKE_0028,SENSOR_FAULT,SUDDEN_SPIKE,Ludhiana,2022-02-15,2022-02-15,avg_temp,high,1,0,0,"The average temperature suddenly increased for one observation beyond its expected local pattern, simulating a faulty sensor spike.",
SF_SPIKE_0029,SENSOR_FAULT,SUDDEN_SPIKE,Bikaner,2023-06-12,2023-06-12,avg_temp,high,1,0,0,"The average temperature suddenly increased for one observation beyond its expected local pattern, simulating a faulty sensor spike.",
SF_SPIKE_0030,SENSOR_FAULT,SUDDEN_SPIKE,Palakkad,2021-07-24,2021-07-24,avg_temp,high,1,0,0,"The average temperature suddenly increased for one observation beyond its expected local pattern, simulating a faulty sensor spike.",
SF_SPIKE_0031,SENSOR_FAULT,SUDDEN_SPIKE,Thrissur,2024-01-02,2024-01-02,avg_temp,high,1,0,0,"The average temperature suddenly increased for one observation beyond its expected local pattern, simulating a faulty sensor spike.",
SF_SPIKE_0032,SENSOR_FAULT,SUDDEN_SPIKE,Bikaner,2021-01-17,2021-01-17,avg_temp,high,1,0,0,"The average temperature suddenly increased for one observation beyond its expected local pattern, simulating a faulty sensor spike.",
SF_SPIKE_0033,SENSOR_FAULT,SUDDEN_SPIKE,Thrissur,2022-07-14,2022-07-14,avg_temp,high,1,0,0,"The average temperature suddenly increased for one observation beyond its expected local pattern, simulating a faulty sensor spike.",
SF_SPIKE_0034,SENSOR_FAULT,SUDDEN_SPIKE,Chandigarh / Surajpur,2023-08-31,2023-08-31,avg_temp,medium,1,0,0,"The average temperature suddenly increased for one observation beyond its expected local pattern, simulating a faulty sensor spike.",
SF_SPIKE_0035,SENSOR_FAULT,SUDDEN_SPIKE,Chandigarh / Surajpur,2023-05-24,2023-05-24,avg_temp,high,1,0,0,"The average temperature suddenly increased for one observation beyond its expected local pattern, simulating a faulty sensor spike.",
SF_SPIKE_0036,SENSOR_FAULT,SUDDEN_SPIKE,Bikaner,2024-06-12,2024-06-12,avg_temp,medium,1,0,0,"The average temperature suddenly increased for one observation beyond its expected local pattern, simulating a faulty sensor spike.",
SF_SPIKE_0037,SENSOR_FAULT,SUDDEN_SPIKE,Cochin Int. Airport / Kaladi,2023-07-12,2023-07-12,avg_temp,high,1,0,0,"The average temperature suddenly increased for one observation beyond its expected local pattern, simulating a faulty sensor spike.",
SF_SPIKE_0038,SENSOR_FAULT,SUDDEN_SPIKE,Shimla / Kanda,2023-06-08,2023-06-08,avg_temp,high,1,0,0,"The average temperature suddenly increased for one observation beyond its expected local pattern, simulating a faulty sensor spike.",
SF_SPIKE_0039,SENSOR_FAULT,SUDDEN_SPIKE,Sundernagar / Sundarnagar,2022-08-12,2022-08-12,avg_temp,medium,1,0,0,"The average temperature suddenly increased for one observation beyond its expected local pattern, simulating a faulty sensor spike.",
SF_SPIKE_0040,SENSOR_FAULT,SUDDEN_SPIKE,Mandi,2021-10-22,2021-10-22,avg_temp,high,1,0,0,"The average temperature suddenly increased for one observation beyond its expected local pattern, simulating a faulty sensor spike.",
SF_DROP_0041,SENSOR_FAULT,SUDDEN_DROP,Ambala,2021-12-21,2021-12-21,avg_temp,medium,1,0,0,"The average temperature suddenly decreased for one observation beyond its expected local pattern, simulating a faulty sensor drop.",
SF_DROP_0042,SENSOR_FAULT,SUDDEN_DROP,Coimbatore / Peelamedu,2023-02-14,2023-02-14,avg_temp,high,1,0,0,"The average temperature suddenly decreased for one observation beyond its expected local pattern, simulating a faulty sensor drop.",
SF_DROP_0043,SENSOR_FAULT,SUDDEN_DROP,Sundernagar / Sundarnagar,2023-06-07,2023-06-07,avg_temp,high,1,0,0,"The average temperature suddenly decreased for one observation beyond its expected local pattern, simulating a faulty sensor drop.",
SF_DROP_0044,SENSOR_FAULT,SUDDEN_DROP,Sundernagar / Sundarnagar,2023-10-25,2023-10-25,avg_temp,medium,1,0,0,"The average temperature suddenly decreased for one observation beyond its expected local pattern, simulating a faulty sensor drop.",
SF_DROP_0045,SENSOR_FAULT,SUDDEN_DROP,Coimbatore / Peelamedu,2023-01-08,2023-01-08,avg_temp,medium,1,0,0,"The average temperature suddenly decreased for one observation beyond its expected local pattern, simulating a faulty sensor drop.",
SF_DROP_0046,SENSOR_FAULT,SUDDEN_DROP,Patiala,2022-09-15,2022-09-15,avg_temp,high,1,0,0,"The average temperature suddenly decreased for one observation beyond its expected local pattern, simulating a faulty sensor drop.",
SF_DROP_0047,SENSOR_FAULT,SUDDEN_DROP,Coimbatore / Peelamedu,2024-12-31,2024-12-31,avg_temp,high,1,0,0,"The average temperature suddenly decreased for one observation beyond its expected local pattern, simulating a faulty sensor drop.",
SF_DROP_0048,SENSOR_FAULT,SUDDEN_DROP,Una,2023-07-05,2023-07-05,avg_temp,high,1,0,0,"The average temperature suddenly decreased for one observation beyond its expected local pattern, simulating a faulty sensor drop.",
SF_DROP_0049,SENSOR_FAULT,SUDDEN_DROP,Shimla / Kanda,2024-05-24,2024-05-24,avg_temp,high,1,0,0,"The average temperature suddenly decreased for one observation beyond its expected local pattern, simulating a faulty sensor drop.",
SF_DROP_0050,SENSOR_FAULT,SUDDEN_DROP,Bikaner,2023-11-09,2023-11-09,avg_temp,medium,1,0,0,"The average temperature suddenly decreased for one observation beyond its expected local pattern, simulating a faulty sensor drop.",
SF_DROP_0051,SENSOR_FAULT,SUDDEN_DROP,Cochin Int. Airport / Kaladi,2022-12-21,2022-12-21,avg_temp,high,1,0,0,"The average temperature suddenly decreased for one observation beyond its expected local pattern, simulating a faulty sensor drop.",
SF_DROP_0052,SENSOR_FAULT,SUDDEN_DROP,Chandigarh / Surajpur,2022-05-18,2022-05-18,avg_temp,medium,1,0,0,"The average temperature suddenly decreased for one observation beyond its expected local pattern, simulating a faulty sensor drop.",
SF_DROP_0053,SENSOR_FAULT,SUDDEN_DROP,Mandi,2024-05-20,2024-05-20,avg_temp,high,1,0,0,"The average temperature suddenly decreased for one observation beyond its expected local pattern, simulating a faulty sensor drop.",
SF_DROP_0054,SENSOR_FAULT,SUDDEN_DROP,Una,2025-01-23,2025-01-23,avg_temp,high,1,0,0,"The average temperature suddenly decreased for one observation beyond its expected local pattern, simulating a faulty sensor drop.",
SF_DROP_0055,SENSOR_FAULT,SUDDEN_DROP,Ambala,2023-10-16,2023-10-16,avg_temp,high,1,0,0,"The average temperature suddenly decreased for one observation beyond its expected local pattern, simulating a faulty sensor drop.",
SF_DROP_0056,SENSOR_FAULT,SUDDEN_DROP,Ludhiana,2023-08-11,2023-08-11,avg_temp,medium,1,0,0,"The average temperature suddenly decreased for one observation beyond its expected local pattern, simulating a faulty sensor drop.",
SF_DROP_0057,SENSOR_FAULT,SUDDEN_DROP,Mandi,2024-12-30,2024-12-30,avg_temp,high,1,0,0,"The average temperature suddenly decreased for one observation beyond its expected local pattern, simulating a faulty sensor drop.",
SF_DROP_0058,SENSOR_FAULT,SUDDEN_DROP,Cochin Int. Airport / Kaladi,2024-11-03,2024-11-03,avg_temp,high,1,0,0,"The average temperature suddenly decreased for one observation beyond its expected local pattern, simulating a faulty sensor drop.",
SF_DROP_0059,SENSOR_FAULT,SUDDEN_DROP,Cochin Int. Airport / Kaladi,2024-08-19,2024-08-19,avg_temp,medium,1,0,0,"The average temperature suddenly decreased for one observation beyond its expected local pattern, simulating a faulty sensor drop.",
SF_DROP_0060,SENSOR_FAULT,SUDDEN_DROP,Palakkad,2023-05-21,2023-05-21,avg_temp,medium,1,0,0,"The average temperature suddenly decreased for one observation beyond its expected local pattern, simulating a faulty sensor drop.",
SF_DROP_0061,SENSOR_FAULT,SUDDEN_DROP,Ludhiana,2022-09-24,2022-09-24,avg_temp,medium,1,0,0,"The average temperature suddenly decreased for one observation beyond its expected local pattern, simulating a faulty sensor drop.",
SF_DROP_0062,SENSOR_FAULT,SUDDEN_DROP,Patiala,2023-12-07,2023-12-07,avg_temp,high,1,0,0,"The average temperature suddenly decreased for one observation beyond its expected local pattern, simulating a faulty sensor drop.",
SF_DROP_0063,SENSOR_FAULT,SUDDEN_DROP,Mandi,2023-06-28,2023-06-28,avg_temp,medium,1,0,0,"The average temperature suddenly decreased for one observation beyond its expected local pattern, simulating a faulty sensor drop.",
SF_DROP_0064,SENSOR_FAULT,SUDDEN_DROP,Thrissur,2021-05-25,2021-05-25,avg_temp,high,1,0,0,"The average temperature suddenly decreased for one observation beyond its expected local pattern, simulating a faulty sensor drop.",
SF_DROP_0065,SENSOR_FAULT,SUDDEN_DROP,Bikaner,2022-09-26,2022-09-26,avg_temp,high,1,0,0,"The average temperature suddenly decreased for one observation beyond its expected local pattern, simulating a faulty sensor drop.",
SF_DROP_0066,SENSOR_FAULT,SUDDEN_DROP,Ludhiana,2024-11-02,2024-11-02,avg_temp,high,1,0,0,"The average temperature suddenly decreased for one observation beyond its expected local pattern, simulating a faulty sensor drop.",
SF_DROP_0067,SENSOR_FAULT,SUDDEN_DROP,Sundernagar / Sundarnagar,2021-09-23,2021-09-23,avg_temp,medium,1,0,0,"The average temperature suddenly decreased for one observation beyond its expected local pattern, simulating a faulty sensor drop.",
SF_DROP_0068,SENSOR_FAULT,SUDDEN_DROP,Car Nicobar,2024-07-12,2024-07-12,avg_temp,medium,1,0,0,"The average temperature suddenly decreased for one observation beyond its expected local pattern, simulating a faulty sensor drop.",
SF_DROP_0069,SENSOR_FAULT,SUDDEN_DROP,Ludhiana,2022-09-18,2022-09-18,avg_temp,high,1,0,0,"The average temperature suddenly decreased for one observation beyond its expected local pattern, simulating a faulty sensor drop.",
SF_DROP_0070,SENSOR_FAULT,SUDDEN_DROP,Shimla / Kanda,2021-06-25,2021-06-25,avg_temp,high,1,0,0,"The average temperature suddenly decreased for one observation beyond its expected local pattern, simulating a faulty sensor drop.",
SF_DROP_0071,SENSOR_FAULT,SUDDEN_DROP,Ambala,2022-06-13,2022-06-13,avg_temp,high,1,0,0,"The average temperature suddenly decreased for one observation beyond its expected local pattern, simulating a faulty sensor drop.",
SF_DROP_0072,SENSOR_FAULT,SUDDEN_DROP,Cochin Int. Airport / Kaladi,2024-02-05,2024-02-05,avg_temp,high,1,0,0,"The average temperature suddenly decreased for one observation beyond its expected local pattern, simulating a faulty sensor drop.",
SF_DROP_0073,SENSOR_FAULT,SUDDEN_DROP,Cochin Int. Airport / Kaladi,2024-01-09,2024-01-09,avg_temp,medium,1,0,0,"The average temperature suddenly decreased for one observation beyond its expected local pattern, simulating a faulty sensor drop.",
SF_DROP_0074,SENSOR_FAULT,SUDDEN_DROP,Thrissur,2022-08-10,2022-08-10,avg_temp,medium,1,0,0,"The average temperature suddenly decreased for one observation beyond its expected local pattern, simulating a faulty sensor drop.",
SF_DROP_0075,SENSOR_FAULT,SUDDEN_DROP,Chandigarh / Surajpur,2022-11-04,2022-11-04,avg_temp,high,1,0,0,"The average temperature suddenly decreased for one observation beyond its expected local pattern, simulating a faulty sensor drop.",
SF_DROP_0076,SENSOR_FAULT,SUDDEN_DROP,Ludhiana,2021-10-10,2021-10-10,avg_temp,high,1,0,0,"The average temperature suddenly decreased for one observation beyond its expected local pattern, simulating a faulty sensor drop.",
SF_DROP_0077,SENSOR_FAULT,SUDDEN_DROP,Mandi,2022-08-10,2022-08-10,avg_temp,high,1,0,0,"The average temperature suddenly decreased for one observation beyond its expected local pattern, simulating a faulty sensor drop.",
SF_DROP_0078,SENSOR_FAULT,SUDDEN_DROP,Car Nicobar,2021-03-22,2021-03-22,avg_temp,medium,1,0,0,"The average temperature suddenly decreased for one observation beyond its expected local pattern, simulating a faulty sensor drop.",
SF_DROP_0079,SENSOR_FAULT,SUDDEN_DROP,Cochin Int. Airport / Kaladi,2022-12-09,2022-12-09,avg_temp,high,1,0,0,"The average temperature suddenly decreased for one observation beyond its expected local pattern, simulating a faulty sensor drop.",
SF_DROP_0080,SENSOR_FAULT,SUDDEN_DROP,Car Nicobar,2024-01-09,2024-01-09,avg_temp,high,1,0,0,"The average temperature suddenly decreased for one observation beyond its expected local pattern, simulating a faulty sensor drop.",
SF_STUCK_0081,SENSOR_FAULT,STUCK_AT,Sundernagar / Sundarnagar,2022-10-27,2022-10-31,relative_humidity,medium,5,0,0,"Relative humidity remained fixed at the first observed value across consecutive readings, simulating a sensor that has become stuck.",
SF_STUCK_0082,SENSOR_FAULT,STUCK_AT,Sundernagar / Sundarnagar,2021-11-14,2021-11-20,relative_humidity,medium,7,0,0,"Relative humidity remained fixed at the first observed value across consecutive readings, simulating a sensor that has become stuck.",
SF_STUCK_0083,SENSOR_FAULT,STUCK_AT,Car Nicobar,2021-07-28,2021-08-01,relative_humidity,medium,5,0,0,"Relative humidity remained fixed at the first observed value across consecutive readings, simulating a sensor that has become stuck.",
SF_STUCK_0084,SENSOR_FAULT,STUCK_AT,Ambala,2023-04-25,2023-04-28,relative_humidity,medium,4,0,0,"Relative humidity remained fixed at the first observed value across consecutive readings, simulating a sensor that has become stuck.",
SF_STUCK_0085,SENSOR_FAULT,STUCK_AT,Cochin Int. Airport / Kaladi,2021-01-27,2021-01-30,relative_humidity,medium,4,0,0,"Relative humidity remained fixed at the first observed value across consecutive readings, simulating a sensor that has become stuck.",
SF_STUCK_0086,SENSOR_FAULT,STUCK_AT,Sundernagar / Sundarnagar,2024-05-14,2024-05-19,relative_humidity,medium,6,0,0,"Relative humidity remained fixed at the first observed value across consecutive readings, simulating a sensor that has become stuck.",
SF_STUCK_0087,SENSOR_FAULT,STUCK_AT,Una,2021-08-10,2021-08-14,relative_humidity,medium,5,0,0,"Relative humidity remained fixed at the first observed value across consecutive readings, simulating a sensor that has become stuck.",
SF_STUCK_0088,SENSOR_FAULT,STUCK_AT,Coimbatore / Peelamedu,2021-02-03,2021-02-08,relative_humidity,medium,6,0,0,"Relative humidity remained fixed at the first observed value across consecutive readings, simulating a sensor that has become stuck.",
SF_STUCK_0089,SENSOR_FAULT,STUCK_AT,Chandigarh / Surajpur,2021-02-13,2021-02-18,relative_humidity,medium,6,0,0,"Relative humidity remained fixed at the first observed value across consecutive readings, simulating a sensor that has become stuck.",
SF_STUCK_0090,SENSOR_FAULT,STUCK_AT,Palakkad,2022-12-10,2022-12-13,relative_humidity,medium,4,0,0,"Relative humidity remained fixed at the first observed value across consecutive readings, simulating a sensor that has become stuck.",
SF_STUCK_0091,SENSOR_FAULT,STUCK_AT,Thrissur,2023-07-08,2023-07-14,relative_humidity,medium,7,0,0,"Relative humidity remained fixed at the first observed value across consecutive readings, simulating a sensor that has become stuck.",
SF_STUCK_0092,SENSOR_FAULT,STUCK_AT,Chandigarh / Surajpur,2023-01-13,2023-01-17,relative_humidity,medium,5,0,0,"Relative humidity remained fixed at the first observed value across consecutive readings, simulating a sensor that has become stuck.",
SF_STUCK_0093,SENSOR_FAULT,STUCK_AT,Una,2021-02-14,2021-02-17,relative_humidity,medium,4,0,0,"Relative humidity remained fixed at the first observed value across consecutive readings, simulating a sensor that has become stuck.",
SF_STUCK_0094,SENSOR_FAULT,STUCK_AT,Shimla / Kanda,2024-12-17,2024-12-21,relative_humidity,medium,5,0,0,"Relative humidity remained fixed at the first observed value across consecutive readings, simulating a sensor that has become stuck.",
SF_STUCK_0095,SENSOR_FAULT,STUCK_AT,Palakkad,2022-02-20,2022-02-25,relative_humidity,medium,6,0,0,"Relative humidity remained fixed at the first observed value across consecutive readings, simulating a sensor that has become stuck.",
SF_STUCK_0096,SENSOR_FAULT,STUCK_AT,Chandigarh / Surajpur,2025-01-08,2025-01-12,relative_humidity,medium,5,0,0,"Relative humidity remained fixed at the first observed value across consecutive readings, simulating a sensor that has become stuck.",
SF_STUCK_0097,SENSOR_FAULT,STUCK_AT,Una,2024-11-16,2024-11-22,relative_humidity,medium,7,0,0,"Relative humidity remained fixed at the first observed value across consecutive readings, simulating a sensor that has become stuck.",
SF_STUCK_0098,SENSOR_FAULT,STUCK_AT,Una,2023-04-04,2023-04-08,relative_humidity,medium,5,0,0,"Relative humidity remained fixed at the first observed value across consecutive readings, simulating a sensor that has become stuck.",
SF_STUCK_0099,SENSOR_FAULT,STUCK_AT,Sundernagar / Sundarnagar,2021-11-08,2021-11-12,relative_humidity,medium,5,0,0,"Relative humidity remained fixed at the first observed value across consecutive readings, simulating a sensor that has become stuck.",
SF_STUCK_0100,SENSOR_FAULT,STUCK_AT,Cochin Int. Airport / Kaladi,2024-03-02,2024-03-08,relative_humidity,medium,7,0,0,"Relative humidity remained fixed at the first observed value across consecutive readings, simulating a sensor that has become stuck.",
SF_STUCK_0101,SENSOR_FAULT,STUCK_AT,Patiala,2021-10-01,2021-10-06,relative_humidity,medium,6,0,0,"Relative humidity remained fixed at the first observed value across consecutive readings, simulating a sensor that has become stuck.",
SF_STUCK_0102,SENSOR_FAULT,STUCK_AT,Car Nicobar,2022-03-19,2022-03-24,relative_humidity,medium,6,0,0,"Relative humidity remained fixed at the first observed value across consecutive readings, simulating a sensor that has become stuck.",
SF_STUCK_0103,SENSOR_FAULT,STUCK_AT,Una,2024-05-25,2024-05-28,relative_humidity,medium,4,0,0,"Relative humidity remained fixed at the first observed value across consecutive readings, simulating a sensor that has become stuck.",
SF_STUCK_0104,SENSOR_FAULT,STUCK_AT,Sundernagar / Sundarnagar,2024-04-19,2024-04-22,relative_humidity,medium,4,0,0,"Relative humidity remained fixed at the first observed value across consecutive readings, simulating a sensor that has become stuck.",
SF_STUCK_0105,SENSOR_FAULT,STUCK_AT,Ludhiana,2021-02-27,2021-03-02,relative_humidity,medium,4,0,0,"Relative humidity remained fixed at the first observed value across consecutive readings, simulating a sensor that has become stuck.",
SF_STUCK_0106,SENSOR_FAULT,STUCK_AT,Cochin Int. Airport / Kaladi,2025-01-23,2025-01-29,relative_humidity,medium,7,0,0,"Relative humidity remained fixed at the first observed value across consecutive readings, simulating a sensor that has become stuck.",
SF_STUCK_0107,SENSOR_FAULT,STUCK_AT,Car Nicobar,2023-01-14,2023-01-18,relative_humidity,medium,5,0,0,"Relative humidity remained fixed at the first observed value across consecutive readings, simulating a sensor that has become stuck.",
SF_STUCK_0108,SENSOR_FAULT,STUCK_AT,Cochin Int. Airport / Kaladi,2021-08-13,2021-08-19,relative_humidity,medium,7,0,0,"Relative humidity remained fixed at the first observed value across consecutive readings, simulating a sensor that has become stuck.",
SF_STUCK_0109,SENSOR_FAULT,STUCK_AT,Thrissur,2021-02-05,2021-02-08,relative_humidity,medium,4,0,0,"Relative humidity remained fixed at the first observed value across consecutive readings, simulating a sensor that has become stuck.",
SF_STUCK_0110,SENSOR_FAULT,STUCK_AT,Patiala,2022-08-23,2022-08-26,relative_humidity,medium,4,0,0,"Relative humidity remained fixed at the first observed value across consecutive readings, simulating a sensor that has become stuck.",
SF_STUCK_0111,SENSOR_FAULT,STUCK_AT,Ambala,2021-02-10,2021-02-16,relative_humidity,medium,7,0,0,"Relative humidity remained fixed at the first observed value across consecutive readings, simulating a sensor that has become stuck.",
SF_STUCK_0112,SENSOR_FAULT,STUCK_AT,Chandigarh / Surajpur,2023-02-08,2023-02-13,relative_humidity,medium,6,0,0,"Relative humidity remained fixed at the first observed value across consecutive readings, simulating a sensor that has become stuck.",
SF_STUCK_0113,SENSOR_FAULT,STUCK_AT,Ambala,2021-07-14,2021-07-17,relative_humidity,medium,4,0,0,"Relative humidity remained fixed at the first observed value across consecutive readings, simulating a sensor that has become stuck.",
SF_STUCK_0114,SENSOR_FAULT,STUCK_AT,Shimla / Kanda,2021-10-08,2021-10-12,relative_humidity,medium,5,0,0,"Relative humidity remained fixed at the first observed value across consecutive readings, simulating a sensor that has become stuck.",
SF_STUCK_0115,SENSOR_FAULT,STUCK_AT,Thrissur,2023-10-13,2023-10-16,relative_humidity,medium,4,0,0,"Relative humidity remained fixed at the first observed value across consecutive readings, simulating a sensor that has become stuck.",
SF_DRIFT_0116,SENSOR_FAULT,GRADUAL_DRIFT,Cochin Int. Airport / Kaladi,2021-10-26,2021-11-04,relative_humidity,medium,10,0,0,"The relative humidity was changed by approximately -4.3 across the event, simulating gradual sensor drift rather than a sudden fault.",
SF_DRIFT_0117,SENSOR_FAULT,GRADUAL_DRIFT,Patiala,2023-01-04,2023-01-13,wind_speed,medium,10,0,0,"The wind speed was changed by approximately 3.4 across the event, simulating gradual sensor drift rather than a sudden fault.",
SF_DRIFT_0118,SENSOR_FAULT,GRADUAL_DRIFT,Car Nicobar,2024-01-21,2024-01-28,relative_humidity,high,8,0,0,"The relative humidity was changed by approximately 7.6 across the event, simulating gradual sensor drift rather than a sudden fault.",
SF_DRIFT_0119,SENSOR_FAULT,GRADUAL_DRIFT,Una,2024-01-17,2024-01-25,relative_humidity,high,9,0,0,"The relative humidity was changed by approximately 8.5 across the event, simulating gradual sensor drift rather than a sudden fault.",
SF_DRIFT_0120,SENSOR_FAULT,GRADUAL_DRIFT,Thrissur,2024-05-29,2024-06-07,air_pressure,medium,10,0,0,"The air pressure was changed by approximately -4.5 across the event, simulating gradual sensor drift rather than a sudden fault.",
SF_DRIFT_0121,SENSOR_FAULT,GRADUAL_DRIFT,Mandi,2023-03-23,2023-03-30,avg_temp,medium,8,0,0,"The average temperature was changed by approximately -5.8 across the event, simulating gradual sensor drift rather than a sudden fault.",
SF_DRIFT_0122,SENSOR_FAULT,GRADUAL_DRIFT,Ambala,2022-01-20,2022-01-27,relative_humidity,medium,8,0,0,"The relative humidity was changed by approximately -6.7 across the event, simulating gradual sensor drift rather than a sudden fault.",
SF_DRIFT_0123,SENSOR_FAULT,GRADUAL_DRIFT,Una,2023-07-09,2023-07-18,avg_temp,medium,10,0,0,"The average temperature was changed by approximately 6.9 across the event, simulating gradual sensor drift rather than a sudden fault.",
SF_DRIFT_0124,SENSOR_FAULT,GRADUAL_DRIFT,Bikaner,2023-11-11,2023-11-18,wind_speed,medium,8,0,0,"The wind speed was changed by approximately -4.8 across the event, simulating gradual sensor drift rather than a sudden fault.",
SF_DRIFT_0125,SENSOR_FAULT,GRADUAL_DRIFT,Chandigarh / Surajpur,2022-10-03,2022-10-12,air_pressure,high,10,0,0,"The air pressure was changed by approximately 9.3 across the event, simulating gradual sensor drift rather than a sudden fault.",
SF_DRIFT_0126,SENSOR_FAULT,GRADUAL_DRIFT,Ludhiana,2023-09-23,2023-09-30,relative_humidity,high,8,0,0,"The relative humidity was changed by approximately -8.3 across the event, simulating gradual sensor drift rather than a sudden fault.",
SF_DRIFT_0127,SENSOR_FAULT,GRADUAL_DRIFT,Car Nicobar,2023-11-24,2023-12-01,avg_temp,high,8,0,0,"The average temperature was changed by approximately -8.6 across the event, simulating gradual sensor drift rather than a sudden fault.",
SF_DRIFT_0128,SENSOR_FAULT,GRADUAL_DRIFT,Thrissur,2021-05-09,2021-05-18,relative_humidity,high,10,0,0,"The relative humidity was changed by approximately -7.6 across the event, simulating gradual sensor drift rather than a sudden fault.",
SF_DRIFT_0129,SENSOR_FAULT,GRADUAL_DRIFT,Palakkad,2023-08-01,2023-08-10,air_pressure,medium,10,0,0,"The air pressure was changed by approximately -5.2 across the event, simulating gradual sensor drift rather than a sudden fault.",
SF_DRIFT_0130,SENSOR_FAULT,GRADUAL_DRIFT,Mandi,2021-09-26,2021-10-02,avg_temp,high,7,0,0,"The average temperature was changed by approximately 7.4 across the event, simulating gradual sensor drift rather than a sudden fault.",
SF_DRIFT_0131,SENSOR_FAULT,GRADUAL_DRIFT,Chandigarh / Surajpur,2023-07-30,2023-08-04,air_pressure,medium,6,0,0,"The air pressure was changed by approximately 6.7 across the event, simulating gradual sensor drift rather than a sudden fault.",
SF_DRIFT_0132,SENSOR_FAULT,GRADUAL_DRIFT,Una,2021-06-07,2021-06-12,air_pressure,medium,6,0,0,"The air pressure was changed by approximately -5.3 across the event, simulating gradual sensor drift rather than a sudden fault.",
SF_DRIFT_0133,SENSOR_FAULT,GRADUAL_DRIFT,Shimla / Kanda,2022-12-14,2022-12-19,wind_speed,high,6,0,0,"The wind speed was changed by approximately 7.4 across the event, simulating gradual sensor drift rather than a sudden fault.",
SF_DRIFT_0134,SENSOR_FAULT,GRADUAL_DRIFT,Ambala,2023-11-09,2023-11-16,relative_humidity,high,8,0,0,"The relative humidity was changed by approximately -7.9 across the event, simulating gradual sensor drift rather than a sudden fault.",
SF_DRIFT_0135,SENSOR_FAULT,GRADUAL_DRIFT,Thrissur,2023-03-15,2023-03-21,air_pressure,medium,7,0,0,"The air pressure was changed by approximately 3.2 across the event, simulating gradual sensor drift rather than a sudden fault.",
SF_DRIFT_0136,SENSOR_FAULT,GRADUAL_DRIFT,Ambala,2021-03-01,2021-03-08,relative_humidity,medium,8,0,0,"The relative humidity was changed by approximately -5.3 across the event, simulating gradual sensor drift rather than a sudden fault.",
SF_DRIFT_0137,SENSOR_FAULT,GRADUAL_DRIFT,Palakkad,2022-04-26,2022-05-03,avg_temp,medium,8,0,0,"The average temperature was changed by approximately 4.6 across the event, simulating gradual sensor drift rather than a sudden fault.",
SF_DRIFT_0138,SENSOR_FAULT,GRADUAL_DRIFT,Chandigarh / Surajpur,2025-01-22,2025-01-28,air_pressure,medium,7,0,0,"The air pressure was changed by approximately 6.5 across the event, simulating gradual sensor drift rather than a sudden fault.",
SF_DRIFT_0139,SENSOR_FAULT,GRADUAL_DRIFT,Bikaner,2024-05-19,2024-05-24,avg_temp,medium,6,0,0,"The average temperature was changed by approximately 5.9 across the event, simulating gradual sensor drift rather than a sudden fault.",
SF_DRIFT_0140,SENSOR_FAULT,GRADUAL_DRIFT,Una,2022-09-06,2022-09-13,relative_humidity,high,8,0,0,"The relative humidity was changed by approximately -8.4 across the event, simulating gradual sensor drift rather than a sudden fault.",
SF_DRIFT_0141,SENSOR_FAULT,GRADUAL_DRIFT,Cochin Int. Airport / Kaladi,2021-05-23,2021-05-31,air_pressure,high,9,0,0,"The air pressure was changed by approximately 10.0 across the event, simulating gradual sensor drift rather than a sudden fault.",
SF_DRIFT_0142,SENSOR_FAULT,GRADUAL_DRIFT,Shimla / Kanda,2024-11-23,2024-12-02,air_pressure,high,10,0,0,"The air pressure was changed by approximately 9.4 across the event, simulating gradual sensor drift rather than a sudden fault.",
SF_DRIFT_0143,SENSOR_FAULT,GRADUAL_DRIFT,Mandi,2022-07-06,2022-07-14,air_pressure,medium,9,0,0,"The air pressure was changed by approximately 6.4 across the event, simulating gradual sensor drift rather than a sudden fault.",
SF_DRIFT_0144,SENSOR_FAULT,GRADUAL_DRIFT,Cochin Int. Airport / Kaladi,2024-12-21,2024-12-26,avg_temp,medium,6,0,0,"The average temperature was changed by approximately 5.3 across the event, simulating gradual sensor drift rather than a sudden fault.",
SF_DRIFT_0145,SENSOR_FAULT,GRADUAL_DRIFT,Coimbatore / Peelamedu,2022-08-09,2022-08-17,wind_speed,medium,9,0,0,"The wind speed was changed by approximately 5.0 across the event, simulating gradual sensor drift rather than a sudden fault.",
SF_BIAS_0146,SENSOR_FAULT,BIAS,Una,2023-04-17,2023-04-23,air_pressure,medium,7,0,0,"The air pressure was shifted by approximately 5.0 across consecutive observations, simulating a persistent sensor calibration bias.",
SF_BIAS_0147,SENSOR_FAULT,BIAS,Palakkad,2021-05-17,2021-05-23,avg_temp,medium,7,0,0,"The average temperature was shifted by approximately 2.0 across consecutive observations, simulating a persistent sensor calibration bias.",
SF_BIAS_0148,SENSOR_FAULT,BIAS,Ambala,2021-06-16,2021-06-21,avg_temp,medium,6,0,0,"The average temperature was shifted by approximately -2.0 across consecutive observations, simulating a persistent sensor calibration bias.",
SF_BIAS_0149,SENSOR_FAULT,BIAS,Car Nicobar,2023-06-03,2023-06-08,wind_speed,medium,6,0,0,"The wind speed was shifted by approximately -3.0 across consecutive observations, simulating a persistent sensor calibration bias.",
SF_BIAS_0150,SENSOR_FAULT,BIAS,Sundernagar / Sundarnagar,2022-02-07,2022-02-12,min_temp,medium,6,0,0,"The minimum temperature was shifted by approximately 1.5 across consecutive observations, simulating a persistent sensor calibration bias.",
SF_BIAS_0151,SENSOR_FAULT,BIAS,Mandi,2023-06-02,2023-06-08,avg_temp,medium,7,0,0,"The average temperature was shifted by approximately -2.0 across consecutive observations, simulating a persistent sensor calibration bias.",
SF_BIAS_0152,SENSOR_FAULT,BIAS,Cochin Int. Airport / Kaladi,2022-07-08,2022-07-16,wind_speed,medium,9,0,0,"The wind speed was shifted by approximately -2.0 across consecutive observations, simulating a persistent sensor calibration bias.",
SF_BIAS_0153,SENSOR_FAULT,BIAS,Mandi,2021-02-18,2021-02-24,relative_humidity,medium,7,0,0,"The relative humidity was shifted by approximately 8.0 across consecutive observations, simulating a persistent sensor calibration bias.",
SF_BIAS_0154,SENSOR_FAULT,BIAS,Ambala,2021-02-01,2021-02-05,min_temp,medium,5,0,0,"The minimum temperature was shifted by approximately 2.0 across consecutive observations, simulating a persistent sensor calibration bias.",
SF_BIAS_0155,SENSOR_FAULT,BIAS,Thrissur,2022-06-24,2022-06-29,max_temp,medium,6,0,0,"The maximum temperature was shifted by approximately 1.5 across consecutive observations, simulating a persistent sensor calibration bias.",
SF_BIAS_0156,SENSOR_FAULT,BIAS,Bikaner,2024-10-10,2024-10-18,min_temp,medium,9,0,0,"The minimum temperature was shifted by approximately 2.0 across consecutive observations, simulating a persistent sensor calibration bias.",
SF_BIAS_0157,SENSOR_FAULT,BIAS,Bikaner,2022-04-20,2022-04-27,min_temp,medium,8,0,0,"The minimum temperature was shifted by approximately -2.0 across consecutive observations, simulating a persistent sensor calibration bias.",
SF_BIAS_0158,SENSOR_FAULT,BIAS,Cochin Int. Airport / Kaladi,2024-06-11,2024-06-17,air_pressure,medium,7,0,0,"The air pressure was shifted by approximately 5.0 across consecutive observations, simulating a persistent sensor calibration bias.",
SF_BIAS_0159,SENSOR_FAULT,BIAS,Shimla / Kanda,2022-10-09,2022-10-16,wind_speed,medium,8,0,0,"The wind speed was shifted by approximately 3.0 across consecutive observations, simulating a persistent sensor calibration bias.",
SF_BIAS_0160,SENSOR_FAULT,BIAS,Ludhiana,2023-04-01,2023-04-09,wind_speed,medium,9,0,0,"The wind speed was shifted by approximately -2.0 across consecutive observations, simulating a persistent sensor calibration bias.",
SF_BIAS_0161,SENSOR_FAULT,BIAS,Coimbatore / Peelamedu,2021-11-06,2021-11-14,avg_temp,medium,9,0,0,"The average temperature was shifted by approximately -1.5 across consecutive observations, simulating a persistent sensor calibration bias.",
SF_BIAS_0162,SENSOR_FAULT,BIAS,Car Nicobar,2024-08-18,2024-08-23,min_temp,medium,6,0,0,"The minimum temperature was shifted by approximately 2.0 across consecutive observations, simulating a persistent sensor calibration bias.",
SF_BIAS_0163,SENSOR_FAULT,BIAS,Patiala,2023-03-31,2023-04-08,min_temp,medium,9,0,0,"The minimum temperature was shifted by approximately 2.0 across consecutive observations, simulating a persistent sensor calibration bias.",
SF_BIAS_0164,SENSOR_FAULT,BIAS,Patiala,2023-01-21,2023-01-25,relative_humidity,medium,5,0,0,"The relative humidity was shifted by approximately -8.0 across consecutive observations, simulating a persistent sensor calibration bias.",
SF_BIAS_0165,SENSOR_FAULT,BIAS,Mandi,2021-03-31,2021-04-05,avg_temp,medium,6,0,0,"The average temperature was shifted by approximately -1.5 across consecutive observations, simulating a persistent sensor calibration bias.",
SF_BIAS_0166,SENSOR_FAULT,BIAS,Mandi,2023-12-12,2023-12-17,min_temp,medium,6,0,0,"The minimum temperature was shifted by approximately 1.5 across consecutive observations, simulating a persistent sensor calibration bias.",
SF_BIAS_0167,SENSOR_FAULT,BIAS,Car Nicobar,2022-01-06,2022-01-12,air_pressure,medium,7,0,0,"The air pressure was shifted by approximately 5.0 across consecutive observations, simulating a persistent sensor calibration bias.",
SF_BIAS_0168,SENSOR_FAULT,BIAS,Sundernagar / Sundarnagar,2024-03-08,2024-03-16,avg_temp,medium,9,0,0,"The average temperature was shifted by approximately -1.5 across consecutive observations, simulating a persistent sensor calibration bias.",
SF_BIAS_0169,SENSOR_FAULT,BIAS,Ambala,2022-11-20,2022-11-28,avg_temp,medium,9,0,0,"The average temperature was shifted by approximately -1.5 across consecutive observations, simulating a persistent sensor calibration bias.",
SF_BIAS_0170,SENSOR_FAULT,BIAS,Chandigarh / Surajpur,2024-04-24,2024-05-01,wind_speed,medium,8,0,0,"The wind speed was shifted by approximately 3.0 across consecutive observations, simulating a persistent sensor calibration bias.",
SF_XSENS_0171,SENSOR_FAULT,CROSS_SENSOR_INCONSISTENCY,Una,2022-02-01,2022-02-01,avg_temp,high,1,0,0,"The average temperature was modified so that it no longer matches the same-day minimum/maximum relationship, simulating an inconsistent sensor reading.",
SF_XSENS_0172,SENSOR_FAULT,CROSS_SENSOR_INCONSISTENCY,Palakkad,2024-12-15,2024-12-15,avg_temp,high,1,0,0,"The average temperature was modified so that it no longer matches the same-day minimum/maximum relationship, simulating an inconsistent sensor reading.",
SF_XSENS_0173,SENSOR_FAULT,CROSS_SENSOR_INCONSISTENCY,Una,2023-11-29,2023-11-29,avg_temp,high,1,0,0,"The average temperature was modified so that it no longer matches the same-day minimum/maximum relationship, simulating an inconsistent sensor reading.",
SF_XSENS_0174,SENSOR_FAULT,CROSS_SENSOR_INCONSISTENCY,Sundernagar / Sundarnagar,2023-04-15,2023-04-15,avg_temp,high,1,0,0,"The average temperature was modified so that it no longer matches the same-day minimum/maximum relationship, simulating an inconsistent sensor reading.",
SF_XSENS_0175,SENSOR_FAULT,CROSS_SENSOR_INCONSISTENCY,Coimbatore / Peelamedu,2023-02-06,2023-02-06,avg_temp,high,1,0,0,"The average temperature was modified so that it no longer matches the same-day minimum/maximum relationship, simulating an inconsistent sensor reading.",
SF_XSENS_0176,SENSOR_FAULT,CROSS_SENSOR_INCONSISTENCY,Sundernagar / Sundarnagar,2023-06-12,2023-06-12,avg_temp,high,1,0,0,"The average temperature was modified so that it no longer matches the same-day minimum/maximum relationship, simulating an inconsistent sensor reading.",
SF_XSENS_0177,SENSOR_FAULT,CROSS_SENSOR_INCONSISTENCY,Ambala,2022-10-22,2022-10-22,avg_temp,high,1,0,0,"The average temperature was modified so that it no longer matches the same-day minimum/maximum relationship, simulating an inconsistent sensor reading.",
SF_XSENS_0178,SENSOR_FAULT,CROSS_SENSOR_INCONSISTENCY,Una,2022-08-12,2022-08-12,avg_temp,high,1,0,0,"The average temperature was modified so that it no longer matches the same-day minimum/maximum relationship, simulating an inconsistent sensor reading.",
SF_XSENS_0179,SENSOR_FAULT,CROSS_SENSOR_INCONSISTENCY,Ambala,2022-08-24,2022-08-24,avg_temp,high,1,0,0,"The average temperature was modified so that it no longer matches the same-day minimum/maximum relationship, simulating an inconsistent sensor reading.",
SF_XSENS_0180,SENSOR_FAULT,CROSS_SENSOR_INCONSISTENCY,Patiala,2023-10-14,2023-10-14,avg_temp,high,1,0,0,"The average temperature was modified so that it no longer matches the same-day minimum/maximum relationship, simulating an inconsistent sensor reading.",
SF_XSENS_0181,SENSOR_FAULT,CROSS_SENSOR_INCONSISTENCY,Ludhiana,2022-09-17,2022-09-17,avg_temp,high,1,0,0,"The average temperature was modified so that it no longer matches the same-day minimum/maximum relationship, simulating an inconsistent sensor reading.",
SF_XSENS_0182,SENSOR_FAULT,CROSS_SENSOR_INCONSISTENCY,Ludhiana,2023-03-14,2023-03-14,avg_temp,high,1,0,0,"The average temperature was modified so that it no longer matches the same-day minimum/maximum relationship, simulating an inconsistent sensor reading.",
SF_XSENS_0183,SENSOR_FAULT,CROSS_SENSOR_INCONSISTENCY,Chandigarh / Surajpur,2021-02-20,2021-02-20,avg_temp,high,1,0,0,"The average temperature was modified so that it no longer matches the same-day minimum/maximum relationship, simulating an inconsistent sensor reading.",
SF_XSENS_0184,SENSOR_FAULT,CROSS_SENSOR_INCONSISTENCY,Car Nicobar,2024-12-21,2024-12-21,avg_temp,high,1,0,0,"The average temperature was modified so that it no longer matches the same-day minimum/maximum relationship, simulating an inconsistent sensor reading.",
SF_XSENS_0185,SENSOR_FAULT,CROSS_SENSOR_INCONSISTENCY,Palakkad,2024-02-16,2024-02-16,avg_temp,high,1,0,0,"The average temperature was modified so that it no longer matches the same-day minimum/maximum relationship, simulating an inconsistent sensor reading.",
SF_XSENS_0186,SENSOR_FAULT,CROSS_SENSOR_INCONSISTENCY,Coimbatore / Peelamedu,2022-03-28,2022-03-28,avg_temp,high,1,0,0,"The average temperature was modified so that it no longer matches the same-day minimum/maximum relationship, simulating an inconsistent sensor reading.",
SF_XSENS_0187,SENSOR_FAULT,CROSS_SENSOR_INCONSISTENCY,Coimbatore / Peelamedu,2022-05-23,2022-05-23,avg_temp,high,1,0,0,"The average temperature was modified so that it no longer matches the same-day minimum/maximum relationship, simulating an inconsistent sensor reading.",
SF_XSENS_0188,SENSOR_FAULT,CROSS_SENSOR_INCONSISTENCY,Chandigarh / Surajpur,2023-10-18,2023-10-18,avg_temp,high,1,0,0,"The average temperature was modified so that it no longer matches the same-day minimum/maximum relationship, simulating an inconsistent sensor reading.",
SF_XSENS_0189,SENSOR_FAULT,CROSS_SENSOR_INCONSISTENCY,Patiala,2022-07-10,2022-07-10,avg_temp,high,1,0,0,"The average temperature was modified so that it no longer matches the same-day minimum/maximum relationship, simulating an inconsistent sensor reading.",
SF_XSENS_0190,SENSOR_FAULT,CROSS_SENSOR_INCONSISTENCY,Chandigarh / Surajpur,2023-10-23,2023-10-23,avg_temp,high,1,0,0,"The average temperature was modified so that it no longer matches the same-day minimum/maximum relationship, simulating an inconsistent sensor reading.",
SF_XSENS_0191,SENSOR_FAULT,CROSS_SENSOR_INCONSISTENCY,Coimbatore / Peelamedu,2021-07-17,2021-07-17,avg_temp,high,1,0,0,"The average temperature was modified so that it no longer matches the same-day minimum/maximum relationship, simulating an inconsistent sensor reading.",
SF_XSENS_0192,SENSOR_FAULT,CROSS_SENSOR_INCONSISTENCY,Palakkad,2021-02-18,2021-02-18,avg_temp,high,1,0,0,"The average temperature was modified so that it no longer matches the same-day minimum/maximum relationship, simulating an inconsistent sensor reading.",
SF_XSENS_0193,SENSOR_FAULT,CROSS_SENSOR_INCONSISTENCY,Coimbatore / Peelamedu,2023-03-29,2023-03-29,avg_temp,high,1,0,0,"The average temperature was modified so that it no longer matches the same-day minimum/maximum relationship, simulating an inconsistent sensor reading.",
SF_XSENS_0194,SENSOR_FAULT,CROSS_SENSOR_INCONSISTENCY,Patiala,2022-12-02,2022-12-02,avg_temp,high,1,0,0,"The average temperature was modified so that it no longer matches the same-day minimum/maximum relationship, simulating an inconsistent sensor reading.",
SF_XSENS_0195,SENSOR_FAULT,CROSS_SENSOR_INCONSISTENCY,Sundernagar / Sundarnagar,2022-09-30,2022-09-30,avg_temp,high,1,0,0,"The average temperature was modified so that it no longer matches the same-day minimum/maximum relationship, simulating an inconsistent sensor reading.",
TG_NULL_0196,TRANSMISSION_GLITCH,CORRUPTED_NULL,Ludhiana,2022-01-02,2022-01-02,min_temp,medium,1,0,0,"The transmitted minimum temperature value was replaced with a null value, simulating a corrupted or incomplete sensor transmission.",
TG_NULL_0197,TRANSMISSION_GLITCH,CORRUPTED_NULL,Shimla / Kanda,2024-03-22,2024-03-22,air_pressure,medium,1,0,0,"The transmitted air pressure value was replaced with a null value, simulating a corrupted or incomplete sensor transmission.",
TG_NULL_0198,TRANSMISSION_GLITCH,CORRUPTED_NULL,Coimbatore / Peelamedu,2023-07-17,2023-07-17,max_temp,medium,1,0,0,"The transmitted maximum temperature value was replaced with a null value, simulating a corrupted or incomplete sensor transmission.",
TG_NULL_0199,TRANSMISSION_GLITCH,CORRUPTED_NULL,Bikaner,2024-12-31,2024-12-31,relative_humidity,medium,1,0,0,"The transmitted relative humidity value was replaced with a null value, simulating a corrupted or incomplete sensor transmission.",
TG_NULL_0200,TRANSMISSION_GLITCH,CORRUPTED_NULL,Mandi,2023-03-01,2023-03-01,wind_speed,medium,1,0,0,"The transmitted wind speed value was replaced with a null value, simulating a corrupted or incomplete sensor transmission.",
TG_NULL_0201,TRANSMISSION_GLITCH,CORRUPTED_NULL,Bikaner,2023-08-25,2023-08-25,relative_humidity,medium,1,0,0,"The transmitted relative humidity value was replaced with a null value, simulating a corrupted or incomplete sensor transmission.",
TG_NULL_0202,TRANSMISSION_GLITCH,CORRUPTED_NULL,Coimbatore / Peelamedu,2021-08-23,2021-08-23,air_pressure,medium,1,0,0,"The transmitted air pressure value was replaced with a null value, simulating a corrupted or incomplete sensor transmission.",
TG_NULL_0203,TRANSMISSION_GLITCH,CORRUPTED_NULL,Una,2022-05-13,2022-05-13,air_pressure,medium,1,0,0,"The transmitted air pressure value was replaced with a null value, simulating a corrupted or incomplete sensor transmission.",
TG_NULL_0204,TRANSMISSION_GLITCH,CORRUPTED_NULL,Ludhiana,2024-02-17,2024-02-17,relative_humidity,medium,1,0,0,"The transmitted relative humidity value was replaced with a null value, simulating a corrupted or incomplete sensor transmission.",
TG_NULL_0205,TRANSMISSION_GLITCH,CORRUPTED_NULL,Palakkad,2021-12-24,2021-12-24,min_temp,medium,1,0,0,"The transmitted minimum temperature value was replaced with a null value, simulating a corrupted or incomplete sensor transmission.",
TG_NULL_0206,TRANSMISSION_GLITCH,CORRUPTED_NULL,Shimla / Kanda,2024-07-20,2024-07-20,relative_humidity,medium,1,0,0,"The transmitted relative humidity value was replaced with a null value, simulating a corrupted or incomplete sensor transmission.",
TG_NULL_0207,TRANSMISSION_GLITCH,CORRUPTED_NULL,Mandi,2022-06-06,2022-06-06,max_temp,medium,1,0,0,"The transmitted maximum temperature value was replaced with a null value, simulating a corrupted or incomplete sensor transmission.",
TG_NULL_0208,TRANSMISSION_GLITCH,CORRUPTED_NULL,Ambala,2021-10-04,2021-10-04,relative_humidity,medium,1,0,0,"The transmitted relative humidity value was replaced with a null value, simulating a corrupted or incomplete sensor transmission.",
TG_NULL_0209,TRANSMISSION_GLITCH,CORRUPTED_NULL,Thrissur,2021-07-23,2021-07-23,air_pressure,medium,1,0,0,"The transmitted air pressure value was replaced with a null value, simulating a corrupted or incomplete sensor transmission.",
TG_NULL_0210,TRANSMISSION_GLITCH,CORRUPTED_NULL,Car Nicobar,2024-04-02,2024-04-02,air_pressure,medium,1,0,0,"The transmitted air pressure value was replaced with a null value, simulating a corrupted or incomplete sensor transmission.",
TG_NULL_0211,TRANSMISSION_GLITCH,CORRUPTED_NULL,Palakkad,2022-12-09,2022-12-09,rainfall,medium,1,0,0,"The transmitted rainfall value was replaced with a null value, simulating a corrupted or incomplete sensor transmission.",
TG_NULL_0212,TRANSMISSION_GLITCH,CORRUPTED_NULL,Bikaner,2021-11-07,2021-11-07,min_temp,medium,1,0,0,"The transmitted minimum temperature value was replaced with a null value, simulating a corrupted or incomplete sensor transmission.",
TG_NULL_0213,TRANSMISSION_GLITCH,CORRUPTED_NULL,Palakkad,2023-03-15,2023-03-15,rainfall,medium,1,0,0,"The transmitted rainfall value was replaced with a null value, simulating a corrupted or incomplete sensor transmission.",
TG_NULL_0214,TRANSMISSION_GLITCH,CORRUPTED_NULL,Sundernagar / Sundarnagar,2021-12-24,2021-12-24,avg_temp,medium,1,0,0,"The transmitted average temperature value was replaced with a null value, simulating a corrupted or incomplete sensor transmission.",
TG_NULL_0215,TRANSMISSION_GLITCH,CORRUPTED_NULL,Chandigarh / Surajpur,2022-03-14,2022-03-14,relative_humidity,medium,1,0,0,"The transmitted relative humidity value was replaced with a null value, simulating a corrupted or incomplete sensor transmission.",
TG_NULL_0216,TRANSMISSION_GLITCH,CORRUPTED_NULL,Mandi,2024-05-14,2024-05-14,min_temp,medium,1,0,0,"The transmitted minimum temperature value was replaced with a null value, simulating a corrupted or incomplete sensor transmission.",
TG_NULL_0217,TRANSMISSION_GLITCH,CORRUPTED_NULL,Ambala,2023-12-23,2023-12-23,max_temp,medium,1,0,0,"The transmitted maximum temperature value was replaced with a null value, simulating a corrupted or incomplete sensor transmission.",
TG_NULL_0218,TRANSMISSION_GLITCH,CORRUPTED_NULL,Chandigarh / Surajpur,2022-06-17,2022-06-17,avg_temp,medium,1,0,0,"The transmitted average temperature value was replaced with a null value, simulating a corrupted or incomplete sensor transmission.",
TG_NULL_0219,TRANSMISSION_GLITCH,CORRUPTED_NULL,Mandi,2023-02-09,2023-02-09,min_temp,medium,1,0,0,"The transmitted minimum temperature value was replaced with a null value, simulating a corrupted or incomplete sensor transmission.",
TG_NULL_0220,TRANSMISSION_GLITCH,CORRUPTED_NULL,Patiala,2022-04-17,2022-04-17,avg_temp,medium,1,0,0,"The transmitted average temperature value was replaced with a null value, simulating a corrupted or incomplete sensor transmission.",
TG_NULL_0221,TRANSMISSION_GLITCH,CORRUPTED_NULL,Cochin Int. Airport / Kaladi,2022-10-20,2022-10-20,rainfall,medium,1,0,0,"The transmitted rainfall value was replaced with a null value, simulating a corrupted or incomplete sensor transmission.",
TG_NULL_0222,TRANSMISSION_GLITCH,CORRUPTED_NULL,Patiala,2022-02-24,2022-02-24,air_pressure,medium,1,0,0,"The transmitted air pressure value was replaced with a null value, simulating a corrupted or incomplete sensor transmission.",
TG_NULL_0223,TRANSMISSION_GLITCH,CORRUPTED_NULL,Shimla / Kanda,2022-09-16,2022-09-16,rainfall,medium,1,0,0,"The transmitted rainfall value was replaced with a null value, simulating a corrupted or incomplete sensor transmission.",
TG_NULL_0224,TRANSMISSION_GLITCH,CORRUPTED_NULL,Ambala,2021-12-25,2021-12-25,min_temp,medium,1,0,0,"The transmitted minimum temperature value was replaced with a null value, simulating a corrupted or incomplete sensor transmission.",
TG_NULL_0225,TRANSMISSION_GLITCH,CORRUPTED_NULL,Una,2024-08-03,2024-08-03,relative_humidity,medium,1,0,0,"The transmitted relative humidity value was replaced with a null value, simulating a corrupted or incomplete sensor transmission.",
TG_MISSING_0226,TRANSMISSION_GLITCH,MISSING_RECORD,Palakkad,2021-06-20,2021-06-20,entire_record,medium,0,1,0,"The expected station observation was removed for this date, simulating a missing transmission or communication failure.","{""cluster"": ""Kerala-TN Western Ghats"", ""station_name"": ""Palakkad"", ""state"": ""KL"", ""district"": ""Palakkad"", ""date_of_record"": ""2021-06-20 00:00:00"", ""avg_temp"": 25.2, ""min_temp"": 22.7, ""max_temp"": 28.5, ""relative_humidity"": 81.69100144433273, ""wind_speed"": 13.7, ""air_pressure"": 1011.9, ""rainfall"": 3.6, ""elevation"": ""95"", ""latitude"": 10.7667, ""longitude"": 76.65}"
TG_MISSING_0227,TRANSMISSION_GLITCH,MISSING_RECORD,Sundernagar / Sundarnagar,2025-01-26,2025-01-26,entire_record,medium,0,1,0,"The expected station observation was removed for this date, simulating a missing transmission or communication failure.","{""cluster"": ""Himachal Hills"", ""station_name"": ""Sundernagar / Sundarnagar"", ""state"": ""HP"", ""district"": ""Mandi"", ""date_of_record"": ""2025-01-26 00:00:00"", ""avg_temp"": 13.4, ""min_temp"": 8.7, ""max_temp"": 21.0, ""relative_humidity"": 71.74617463212915, ""wind_speed"": 6.8, ""air_pressure"": 1014.1, ""rainfall"": 0.0, ""elevation"": ""874"", ""latitude"": 31.5333, ""longitude"": 76.9}"
TG_MISSING_0228,TRANSMISSION_GLITCH,MISSING_RECORD,Coimbatore / Peelamedu,2021-04-15,2021-04-15,entire_record,medium,0,1,0,"The expected station observation was removed for this date, simulating a missing transmission or communication failure.","{""cluster"": ""Kerala-TN Western Ghats"", ""station_name"": ""Coimbatore / Peelamedu"", ""state"": ""TN"", ""district"": ""Coimbatore"", ""date_of_record"": ""2021-04-15 00:00:00"", ""avg_temp"": 27.0, ""min_temp"": 20.8, ""max_temp"": 34.3, ""relative_humidity"": 78.07779066036906, ""wind_speed"": 9.8, ""air_pressure"": 1011.9, ""rainfall"": 15.0, ""elevation"": ""396"", ""latitude"": 11.0333, ""longitude"": 77.05}"
TG_MISSING_0229,TRANSMISSION_GLITCH,MISSING_RECORD,Car Nicobar,2022-04-05,2022-04-05,entire_record,medium,0,1,0,"The expected station observation was removed for this date, simulating a missing transmission or communication failure.","{""cluster"": ""Isolated Edge-Case"", ""station_name"": ""Car Nicobar"", ""state"": ""AN"", ""district"": ""Nicobar"", ""date_of_record"": ""2022-04-05 00:00:00"", ""avg_temp"": 26.5, ""min_temp"": 24.9, ""max_temp"": 27.8, ""relative_humidity"": 60.287729149511584, ""wind_speed"": 9.0, ""air_pressure"": 1012.5, ""rainfall"": 16.7, ""elevation"": ""9"", ""latitude"": 9.1667, ""longitude"": 92.8333}"
TG_MISSING_0230,TRANSMISSION_GLITCH,MISSING_RECORD,Cochin Int. Airport / Kaladi,2025-01-18,2025-01-18,entire_record,medium,0,1,0,"The expected station observation was removed for this date, simulating a missing transmission or communication failure.","{""cluster"": ""Kerala-TN Western Ghats"", ""station_name"": ""Cochin Int. Airport / Kaladi"", ""state"": ""KL"", ""district"": ""Ernakulam"", ""date_of_record"": ""2025-01-18 00:00:00"", ""avg_temp"": 27.3, ""min_temp"": 21.0, ""max_temp"": 34.0, ""relative_humidity"": 71.28687416815954, ""wind_speed"": 9.1, ""air_pressure"": 1009.3, ""rainfall"": 0.0, ""elevation"": ""8"", ""latitude"": 10.15, ""longitude"": 76.4}"
TG_MISSING_0231,TRANSMISSION_GLITCH,MISSING_RECORD,Shimla / Kanda,2021-06-02,2021-06-02,entire_record,medium,0,1,0,"The expected station observation was removed for this date, simulating a missing transmission or communication failure.","{""cluster"": ""Himachal Hills"", ""station_name"": ""Shimla / Kanda"", ""state"": ""HP"", ""district"": ""Shimla"", ""date_of_record"": ""2021-06-02 00:00:00"", ""avg_temp"": 18.7, ""min_temp"": 14.1, ""max_temp"": 24.2, ""relative_humidity"": 76.30543629404075, ""wind_speed"": 4.5, ""air_pressure"": 1008.7, ""rainfall"": 2.7, ""elevation"": ""1546"", ""latitude"": 31.0818, ""longitude"": 77.068}"
TG_MISSING_0232,TRANSMISSION_GLITCH,MISSING_RECORD,Sundernagar / Sundarnagar,2024-03-17,2024-03-17,entire_record,medium,0,1,0,"The expected station observation was removed for this date, simulating a missing transmission or communication failure.","{""cluster"": ""Himachal Hills"", ""station_name"": ""Sundernagar / Sundarnagar"", ""state"": ""HP"", ""district"": ""Mandi"", ""date_of_record"": ""2024-03-17 00:00:00"", ""avg_temp"": 16.9, ""min_temp"": 9.5, ""max_temp"": 26.2, ""relative_humidity"": 71.95487295645498, ""wind_speed"": 5.7, ""air_pressure"": 1016.5, ""rainfall"": 0.0, ""elevation"": ""874"", ""latitude"": 31.5333, ""longitude"": 76.9}"
TG_MISSING_0233,TRANSMISSION_GLITCH,MISSING_RECORD,Ludhiana,2024-10-16,2024-10-16,entire_record,medium,0,1,0,"The expected station observation was removed for this date, simulating a missing transmission or communication failure.","{""cluster"": ""Punjab Plains"", ""station_name"": ""Ludhiana"", ""state"": ""PB"", ""district"": ""Ludhiana"", ""date_of_record"": ""2024-10-16 00:00:00"", ""avg_temp"": 25.9, ""min_temp"": 20.5, ""max_temp"": 33.4, ""relative_humidity"": 71.19685779584738, ""wind_speed"": 6.1, ""air_pressure"": 1008.9, ""rainfall"": 0.0, ""elevation"": ""255"", ""latitude"": 30.8667, ""longitude"": 75.9333}"
TG_MISSING_0234,TRANSMISSION_GLITCH,MISSING_RECORD,Thrissur,2022-01-13,2022-01-13,entire_record,medium,0,1,0,"The expected station observation was removed for this date, simulating a missing transmission or communication failure.","{""cluster"": ""Kerala-TN Western Ghats"", ""station_name"": ""Thrissur"", ""state"": ""KL"", ""district"": ""Thrissur"", ""date_of_record"": ""2022-01-13 00:00:00"", ""avg_temp"": 26.2, ""min_temp"": 21.5, ""max_temp"": 32.1, ""relative_humidity"": 78.34655909072528, ""wind_speed"": 7.1, ""air_pressure"": 1011.0, ""rainfall"": 0.0, ""elevation"": ""40"", ""latitude"": 10.5167, ""longitude"": 76.2167}"
TG_MISSING_0235,TRANSMISSION_GLITCH,MISSING_RECORD,Sundernagar / Sundarnagar,2023-05-02,2023-05-02,entire_record,medium,0,1,0,"The expected station observation was removed for this date, simulating a missing transmission or communication failure.","{""cluster"": ""Himachal Hills"", ""station_name"": ""Sundernagar / Sundarnagar"", ""state"": ""HP"", ""district"": ""Mandi"", ""date_of_record"": ""2023-05-02 00:00:00"", ""avg_temp"": 17.5, ""min_temp"": 15.9, ""max_temp"": 20.1, ""relative_humidity"": 73.36126966069543, ""wind_speed"": 3.9, ""air_pressure"": 1011.6, ""rainfall"": 18.2, ""elevation"": ""874"", ""latitude"": 31.5333, ""longitude"": 76.9}"
TG_MISSING_0236,TRANSMISSION_GLITCH,MISSING_RECORD,Cochin Int. Airport / Kaladi,2022-02-27,2022-02-27,entire_record,medium,0,1,0,"The expected station observation was removed for this date, simulating a missing transmission or communication failure.","{""cluster"": ""Kerala-TN Western Ghats"", ""station_name"": ""Cochin Int. Airport / Kaladi"", ""state"": ""KL"", ""district"": ""Ernakulam"", ""date_of_record"": ""2022-02-27 00:00:00"", ""avg_temp"": 27.5, ""min_temp"": 22.0, ""max_temp"": 35.2, ""relative_humidity"": 71.3116320654801, ""wind_speed"": 5.7, ""air_pressure"": 1011.5, ""rainfall"": 3.6, ""elevation"": ""8"", ""latitude"": 10.15, ""longitude"": 76.4}"
TG_MISSING_0237,TRANSMISSION_GLITCH,MISSING_RECORD,Cochin Int. Airport / Kaladi,2023-05-28,2023-05-28,entire_record,medium,0,1,0,"The expected station observation was removed for this date, simulating a missing transmission or communication failure.","{""cluster"": ""Kerala-TN Western Ghats"", ""station_name"": ""Cochin Int. Airport / Kaladi"", ""state"": ""KL"", ""district"": ""Ernakulam"", ""date_of_record"": ""2023-05-28 00:00:00"", ""avg_temp"": 26.7, ""min_temp"": 24.0, ""max_temp"": 30.9, ""relative_humidity"": 77.27740531974885, ""wind_speed"": 7.8, ""air_pressure"": 1009.6, ""rainfall"": 14.1, ""elevation"": ""8"", ""latitude"": 10.15, ""longitude"": 76.4}"
TG_MISSING_0238,TRANSMISSION_GLITCH,MISSING_RECORD,Ludhiana,2023-06-07,2023-06-07,entire_record,medium,0,1,0,"The expected station observation was removed for this date, simulating a missing transmission or communication failure.","{""cluster"": ""Punjab Plains"", ""station_name"": ""Ludhiana"", ""state"": ""PB"", ""district"": ""Ludhiana"", ""date_of_record"": ""2023-06-07 00:00:00"", ""avg_temp"": 28.0, ""min_temp"": 23.5, ""max_temp"": 33.8, ""relative_humidity"": 53.51932774473256, ""wind_speed"": 15.4, ""air_pressure"": 1004.1, ""rainfall"": 0.0, ""elevation"": ""255"", ""latitude"": 30.8667, ""longitude"": 75.9333}"
TG_MISSING_0239,TRANSMISSION_GLITCH,MISSING_RECORD,Shimla / Kanda,2021-10-13,2021-10-13,entire_record,medium,0,1,0,"The expected station observation was removed for this date, simulating a missing transmission or communication failure.","{""cluster"": ""Himachal Hills"", ""station_name"": ""Shimla / Kanda"", ""state"": ""HP"", ""district"": ""Shimla"", ""date_of_record"": ""2021-10-13 00:00:00"", ""avg_temp"": 17.2, ""min_temp"": 11.4, ""max_temp"": 24.3, ""relative_humidity"": 86.19127580353572, ""wind_speed"": 5.8, ""air_pressure"": 1010.5, ""rainfall"": 1.2, ""elevation"": ""1546"", ""latitude"": 31.0818, ""longitude"": 77.068}"
TG_MISSING_0240,TRANSMISSION_GLITCH,MISSING_RECORD,Una,2024-10-12,2024-10-12,entire_record,medium,0,1,0,"The expected station observation was removed for this date, simulating a missing transmission or communication failure.","{""cluster"": ""Himachal Hills"", ""station_name"": ""Una"", ""state"": ""HP"", ""district"": ""Una"", ""date_of_record"": ""2024-10-12 00:00:00"", ""avg_temp"": 23.5, ""min_temp"": 17.1, ""max_temp"": 31.8, ""relative_humidity"": 77.60257336344468, ""wind_speed"": 7.4, ""air_pressure"": 1010.5, ""rainfall"": 0.0, ""elevation"": ""365"", ""latitude"": 31.4667, ""longitude"": 76.2667}"
TG_MISSING_0241,TRANSMISSION_GLITCH,MISSING_RECORD,Bikaner,2021-03-14,2021-03-14,entire_record,medium,0,1,0,"The expected station observation was removed for this date, simulating a missing transmission or communication failure.","{""cluster"": ""Isolated Edge-Case"", ""station_name"": ""Bikaner"", ""state"": ""RJ"", ""district"": ""Bikaner"", ""date_of_record"": ""2021-03-14 00:00:00"", ""avg_temp"": 25.6, ""min_temp"": 17.7, ""max_temp"": 33.0, ""relative_humidity"": 59.60203623637335, ""wind_speed"": 6.2, ""air_pressure"": 1012.5, ""rainfall"": 0.0, ""elevation"": ""223"", ""latitude"": 28.0, ""longitude"": 73.3}"
TG_MISSING_0242,TRANSMISSION_GLITCH,MISSING_RECORD,Palakkad,2021-06-12,2021-06-12,entire_record,medium,0,1,0,"The expected station observation was removed for this date, simulating a missing transmission or communication failure.","{""cluster"": ""Kerala-TN Western Ghats"", ""station_name"": ""Palakkad"", ""state"": ""KL"", ""district"": ""Palakkad"", ""date_of_record"": ""2021-06-12 00:00:00"", ""avg_temp"": 24.9, ""min_temp"": 23.5, ""max_temp"": 27.9, ""relative_humidity"": 81.96816245121947, ""wind_speed"": 16.1, ""air_pressure"": 1008.9, ""rainfall"": 20.5, ""elevation"": ""95"", ""latitude"": 10.7667, ""longitude"": 76.65}"
TG_MISSING_0243,TRANSMISSION_GLITCH,MISSING_RECORD,Patiala,2024-02-12,2024-02-12,entire_record,medium,0,1,0,"The expected station observation was removed for this date, simulating a missing transmission or communication failure.","{""cluster"": ""Punjab Plains"", ""station_name"": ""Patiala"", ""state"": ""PB"", ""district"": ""Patiala"", ""date_of_record"": ""2024-02-12 00:00:00"", ""avg_temp"": 14.7, ""min_temp"": 7.0, ""max_temp"": 24.2, ""relative_humidity"": 68.5979296752151, ""wind_speed"": 4.9, ""air_pressure"": 1020.4, ""rainfall"": 0.0, ""elevation"": ""249"", ""latitude"": 30.3333, ""longitude"": 76.4667}"
TG_MISSING_0244,TRANSMISSION_GLITCH,MISSING_RECORD,Cochin Int. Airport / Kaladi,2022-06-14,2022-06-14,entire_record,medium,0,1,0,"The expected station observation was removed for this date, simulating a missing transmission or communication failure.","{""cluster"": ""Kerala-TN Western Ghats"", ""station_name"": ""Cochin Int. Airport / Kaladi"", ""state"": ""KL"", ""district"": ""Ernakulam"", ""date_of_record"": ""2022-06-14 00:00:00"", ""avg_temp"": 25.7, ""min_temp"": 22.4, ""max_temp"": 30.1, ""relative_humidity"": 79.71667407936805, ""wind_speed"": 5.9, ""air_pressure"": 1009.1, ""rainfall"": 15.9, ""elevation"": ""8"", ""latitude"": 10.15, ""longitude"": 76.4}"
TG_MISSING_0245,TRANSMISSION_GLITCH,MISSING_RECORD,Bikaner,2023-12-22,2023-12-22,entire_record,medium,0,1,0,"The expected station observation was removed for this date, simulating a missing transmission or communication failure.","{""cluster"": ""Isolated Edge-Case"", ""station_name"": ""Bikaner"", ""state"": ""RJ"", ""district"": ""Bikaner"", ""date_of_record"": ""2023-12-22 00:00:00"", ""avg_temp"": 17.5, ""min_temp"": 8.9, ""max_temp"": 27.8, ""relative_humidity"": 68.06781727359899, ""wind_speed"": 7.7, ""air_pressure"": 1016.7, ""rainfall"": 0.0, ""elevation"": ""223"", ""latitude"": 28.0, ""longitude"": 73.3}"
TG_MISSING_0246,TRANSMISSION_GLITCH,MISSING_RECORD,Sundernagar / Sundarnagar,2024-05-03,2024-05-03,entire_record,medium,0,1,0,"The expected station observation was removed for this date, simulating a missing transmission or communication failure.","{""cluster"": ""Himachal Hills"", ""station_name"": ""Sundernagar / Sundarnagar"", ""state"": ""HP"", ""district"": ""Mandi"", ""date_of_record"": ""2024-05-03 00:00:00"", ""avg_temp"": 22.3, ""min_temp"": 12.8, ""max_temp"": 30.2, ""relative_humidity"": 63.67057427654384, ""wind_speed"": 6.0, ""air_pressure"": 1008.1, ""rainfall"": 0.0, ""elevation"": ""874"", ""latitude"": 31.5333, ""longitude"": 76.9}"
TG_MISSING_0247,TRANSMISSION_GLITCH,MISSING_RECORD,Ambala,2023-01-22,2023-01-22,entire_record,medium,0,1,0,"The expected station observation was removed for this date, simulating a missing transmission or communication failure.","{""cluster"": ""Punjab Plains"", ""station_name"": ""Ambala"", ""state"": ""HR"", ""district"": ""Ambala"", ""date_of_record"": ""2023-01-22 00:00:00"", ""avg_temp"": 12.8, ""min_temp"": 6.1, ""max_temp"": 21.4, ""relative_humidity"": 73.64942046516643, ""wind_speed"": 6.3, ""air_pressure"": 1017.0, ""rainfall"": 0.0, ""elevation"": ""271"", ""latitude"": 30.3833, ""longitude"": 76.7667}"
TG_MISSING_0248,TRANSMISSION_GLITCH,MISSING_RECORD,Ambala,2025-01-08,2025-01-08,entire_record,medium,0,1,0,"The expected station observation was removed for this date, simulating a missing transmission or communication failure.","{""cluster"": ""Punjab Plains"", ""station_name"": ""Ambala"", ""state"": ""HR"", ""district"": ""Ambala"", ""date_of_record"": ""2025-01-08 00:00:00"", ""avg_temp"": 12.0, ""min_temp"": 9.2, ""max_temp"": 17.2, ""relative_humidity"": 72.78894016775222, ""wind_speed"": 10.7, ""air_pressure"": 1015.6, ""rainfall"": 0.0, ""elevation"": ""271"", ""latitude"": 30.3833, ""longitude"": 76.7667}"
TG_MISSING_0249,TRANSMISSION_GLITCH,MISSING_RECORD,Patiala,2024-11-14,2024-11-14,entire_record,medium,0,1,0,"The expected station observation was removed for this date, simulating a missing transmission or communication failure.","{""cluster"": ""Punjab Plains"", ""station_name"": ""Patiala"", ""state"": ""PB"", ""district"": ""Patiala"", ""date_of_record"": ""2024-11-14 00:00:00"", ""avg_temp"": 19.9, ""min_temp"": 15.9, ""max_temp"": 27.2, ""relative_humidity"": 74.7595872377654, ""wind_speed"": 4.5, ""air_pressure"": 1015.3, ""rainfall"": 0.0, ""elevation"": ""249"", ""latitude"": 30.3333, ""longitude"": 76.4667}"
TG_MISSING_0250,TRANSMISSION_GLITCH,MISSING_RECORD,Ludhiana,2021-05-09,2021-05-09,entire_record,medium,0,1,0,"The expected station observation was removed for this date, simulating a missing transmission or communication failure.","{""cluster"": ""Punjab Plains"", ""station_name"": ""Ludhiana"", ""state"": ""PB"", ""district"": ""Ludhiana"", ""date_of_record"": ""2021-05-09 00:00:00"", ""avg_temp"": 28.7, ""min_temp"": 20.7, ""max_temp"": 36.8, ""relative_humidity"": 56.50632487658355, ""wind_speed"": 7.1, ""air_pressure"": 1005.9, ""rainfall"": 0.0, ""elevation"": ""255"", ""latitude"": 30.8667, ""longitude"": 75.9333}"
TG_DUP_0251,TRANSMISSION_GLITCH,DUPLICATE_RECORD,Bikaner,2022-12-24,2022-12-24,entire_record,low,1,0,1,"The same station record was transmitted twice, simulating a duplicate message in the communication pipeline.",
TG_DUP_0252,TRANSMISSION_GLITCH,DUPLICATE_RECORD,Thrissur,2021-07-05,2021-07-05,entire_record,low,1,0,1,"The same station record was transmitted twice, simulating a duplicate message in the communication pipeline.",
TG_DUP_0253,TRANSMISSION_GLITCH,DUPLICATE_RECORD,Shimla / Kanda,2024-09-11,2024-09-11,entire_record,low,1,0,1,"The same station record was transmitted twice, simulating a duplicate message in the communication pipeline.",
TG_DUP_0254,TRANSMISSION_GLITCH,DUPLICATE_RECORD,Ludhiana,2022-08-23,2022-08-23,entire_record,low,1,0,1,"The same station record was transmitted twice, simulating a duplicate message in the communication pipeline.",
TG_DUP_0255,TRANSMISSION_GLITCH,DUPLICATE_RECORD,Bikaner,2021-07-29,2021-07-29,entire_record,low,1,0,1,"The same station record was transmitted twice, simulating a duplicate message in the communication pipeline.",
TG_DUP_0256,TRANSMISSION_GLITCH,DUPLICATE_RECORD,Una,2023-08-15,2023-08-15,entire_record,low,1,0,1,"The same station record was transmitted twice, simulating a duplicate message in the communication pipeline.",
TG_DUP_0257,TRANSMISSION_GLITCH,DUPLICATE_RECORD,Sundernagar / Sundarnagar,2023-05-27,2023-05-27,entire_record,low,1,0,1,"The same station record was transmitted twice, simulating a duplicate message in the communication pipeline.",
TG_DUP_0258,TRANSMISSION_GLITCH,DUPLICATE_RECORD,Coimbatore / Peelamedu,2023-05-26,2023-05-26,entire_record,low,1,0,1,"The same station record was transmitted twice, simulating a duplicate message in the communication pipeline.",
TG_DUP_0259,TRANSMISSION_GLITCH,DUPLICATE_RECORD,Ambala,2023-08-08,2023-08-08,entire_record,low,1,0,1,"The same station record was transmitted twice, simulating a duplicate message in the communication pipeline.",
TG_DUP_0260,TRANSMISSION_GLITCH,DUPLICATE_RECORD,Ludhiana,2024-07-04,2024-07-04,entire_record,low,1,0,1,"The same station record was transmitted twice, simulating a duplicate message in the communication pipeline.",
TG_DUP_0261,TRANSMISSION_GLITCH,DUPLICATE_RECORD,Chandigarh / Surajpur,2023-10-29,2023-10-29,entire_record,low,1,0,1,"The same station record was transmitted twice, simulating a duplicate message in the communication pipeline.",
TG_DUP_0262,TRANSMISSION_GLITCH,DUPLICATE_RECORD,Palakkad,2024-04-30,2024-04-30,entire_record,low,1,0,1,"The same station record was transmitted twice, simulating a duplicate message in the communication pipeline.",
TG_DUP_0263,TRANSMISSION_GLITCH,DUPLICATE_RECORD,Shimla / Kanda,2023-08-10,2023-08-10,entire_record,low,1,0,1,"The same station record was transmitted twice, simulating a duplicate message in the communication pipeline.",
TG_DUP_0264,TRANSMISSION_GLITCH,DUPLICATE_RECORD,Cochin Int. Airport / Kaladi,2022-01-20,2022-01-20,entire_record,low,1,0,1,"The same station record was transmitted twice, simulating a duplicate message in the communication pipeline.",
TG_DUP_0265,TRANSMISSION_GLITCH,DUPLICATE_RECORD,Sundernagar / Sundarnagar,2022-07-03,2022-07-03,entire_record,low,1,0,1,"The same station record was transmitted twice, simulating a duplicate message in the communication pipeline.",
TG_DUP_0266,TRANSMISSION_GLITCH,DUPLICATE_RECORD,Palakkad,2024-11-03,2024-11-03,entire_record,low,1,0,1,"The same station record was transmitted twice, simulating a duplicate message in the communication pipeline.",
TG_DUP_0267,TRANSMISSION_GLITCH,DUPLICATE_RECORD,Una,2023-05-16,2023-05-16,entire_record,low,1,0,1,"The same station record was transmitted twice, simulating a duplicate message in the communication pipeline.",
TG_DUP_0268,TRANSMISSION_GLITCH,DUPLICATE_RECORD,Shimla / Kanda,2021-02-10,2021-02-10,entire_record,low,1,0,1,"The same station record was transmitted twice, simulating a duplicate message in the communication pipeline.",
TG_DUP_0269,TRANSMISSION_GLITCH,DUPLICATE_RECORD,Coimbatore / Peelamedu,2023-12-04,2023-12-04,entire_record,low,1,0,1,"The same station record was transmitted twice, simulating a duplicate message in the communication pipeline.",
TG_DUP_0270,TRANSMISSION_GLITCH,DUPLICATE_RECORD,Ludhiana,2024-12-18,2024-12-18,entire_record,low,1,0,1,"The same station record was transmitted twice, simulating a duplicate message in the communication pipeline.",
TG_OOO_0271,TRANSMISSION_GLITCH,DELAYED_OUT_OF_ORDER,Car Nicobar,2022-06-06,2022-06-07,record_order,medium,2,0,0,"Two adjacent station records were swapped in sequence, simulating delayed or out-of-order data transmission.",
TG_OOO_0272,TRANSMISSION_GLITCH,DELAYED_OUT_OF_ORDER,Thrissur,2022-09-04,2022-09-05,record_order,medium,2,0,0,"Two adjacent station records were swapped in sequence, simulating delayed or out-of-order data transmission.",
TG_OOO_0273,TRANSMISSION_GLITCH,DELAYED_OUT_OF_ORDER,Thrissur,2023-12-22,2023-12-23,record_order,medium,2,0,0,"Two adjacent station records were swapped in sequence, simulating delayed or out-of-order data transmission.",
TG_OOO_0274,TRANSMISSION_GLITCH,DELAYED_OUT_OF_ORDER,Chandigarh / Surajpur,2024-07-15,2024-07-16,record_order,medium,2,0,0,"Two adjacent station records were swapped in sequence, simulating delayed or out-of-order data transmission.",
TG_OOO_0275,TRANSMISSION_GLITCH,DELAYED_OUT_OF_ORDER,Sundernagar / Sundarnagar,2022-03-30,2022-03-31,record_order,medium,2,0,0,"Two adjacent station records were swapped in sequence, simulating delayed or out-of-order data transmission.",
TG_OOO_0276,TRANSMISSION_GLITCH,DELAYED_OUT_OF_ORDER,Coimbatore / Peelamedu,2021-05-16,2021-05-17,record_order,medium,2,0,0,"Two adjacent station records were swapped in sequence, simulating delayed or out-of-order data transmission.",
TG_OOO_0277,TRANSMISSION_GLITCH,DELAYED_OUT_OF_ORDER,Mandi,2023-08-18,2023-08-19,record_order,medium,2,0,0,"Two adjacent station records were swapped in sequence, simulating delayed or out-of-order data transmission.",
TG_OOO_0278,TRANSMISSION_GLITCH,DELAYED_OUT_OF_ORDER,Una,2022-12-20,2022-12-21,record_order,medium,2,0,0,"Two adjacent station records were swapped in sequence, simulating delayed or out-of-order data transmission.",
TG_OOO_0279,TRANSMISSION_GLITCH,DELAYED_OUT_OF_ORDER,Mandi,2021-02-02,2021-02-03,record_order,medium,2,0,0,"Two adjacent station records were swapped in sequence, simulating delayed or out-of-order data transmission.",
TG_OOO_0280,TRANSMISSION_GLITCH,DELAYED_OUT_OF_ORDER,Thrissur,2023-04-04,2023-04-05,record_order,medium,2,0,0,"Two adjacent station records were swapped in sequence, simulating delayed or out-of-order data transmission.",
TG_OOO_0281,TRANSMISSION_GLITCH,DELAYED_OUT_OF_ORDER,Cochin Int. Airport / Kaladi,2024-11-25,2024-11-26,record_order,medium,2,0,0,"Two adjacent station records were swapped in sequence, simulating delayed or out-of-order data transmission.",
TG_OOO_0282,TRANSMISSION_GLITCH,DELAYED_OUT_OF_ORDER,Ambala,2022-06-24,2022-06-25,record_order,medium,2,0,0,"Two adjacent station records were swapped in sequence, simulating delayed or out-of-order data transmission.",
TG_OOO_0283,TRANSMISSION_GLITCH,DELAYED_OUT_OF_ORDER,Sundernagar / Sundarnagar,2023-02-27,2023-02-28,record_order,medium,2,0,0,"Two adjacent station records were swapped in sequence, simulating delayed or out-of-order data transmission.",
TG_OOO_0284,TRANSMISSION_GLITCH,DELAYED_OUT_OF_ORDER,Sundernagar / Sundarnagar,2024-06-17,2024-06-18,record_order,medium,2,0,0,"Two adjacent station records were swapped in sequence, simulating delayed or out-of-order data transmission.",
TG_OOO_0285,TRANSMISSION_GLITCH,DELAYED_OUT_OF_ORDER,Cochin Int. Airport / Kaladi,2021-12-11,2021-12-12,record_order,medium,2,0,0,"Two adjacent station records were swapped in sequence, simulating delayed or out-of-order data transmission.",
TG_OOO_0286,TRANSMISSION_GLITCH,DELAYED_OUT_OF_ORDER,Una,2021-12-06,2021-12-07,record_order,medium,2,0,0,"Two adjacent station records were swapped in sequence, simulating delayed or out-of-order data transmission.",
TG_OOO_0287,TRANSMISSION_GLITCH,DELAYED_OUT_OF_ORDER,Car Nicobar,2023-06-14,2023-06-15,record_order,medium,2,0,0,"Two adjacent station records were swapped in sequence, simulating delayed or out-of-order data transmission.",
TG_OOO_0288,TRANSMISSION_GLITCH,DELAYED_OUT_OF_ORDER,Coimbatore / Peelamedu,2024-08-10,2024-08-11,record_order,medium,2,0,0,"Two adjacent station records were swapped in sequence, simulating delayed or out-of-order data transmission.",
TG_OOO_0289,TRANSMISSION_GLITCH,DELAYED_OUT_OF_ORDER,Coimbatore / Peelamedu,2021-06-30,2021-07-01,record_order,medium,2,0,0,"Two adjacent station records were swapped in sequence, simulating delayed or out-of-order data transmission.",
TG_OOO_0290,TRANSMISSION_GLITCH,DELAYED_OUT_OF_ORDER,Thrissur,2024-01-14,2024-01-15,record_order,medium,2,0,0,"Two adjacent station records were swapped in sequence, simulating delayed or out-of-order data transmission.",
GE_HEAT_0291,GENUINE_EVENT,REGIONAL_HEAT_EVENT,Mandi; Una; Sundernagar / Sundarnagar,2021-07-24,2021-07-24,temperature_suite,high,3,0,0,"Multiple nearby stations show a coherent warming pattern with supporting humidity changes, representing a genuine regional heat event rather than an isolated sensor fault.",
GE_HEAT_0292,GENUINE_EVENT,REGIONAL_HEAT_EVENT,Mandi; Una; Shimla / Kanda,2023-08-08,2023-08-08,temperature_suite,high,3,0,0,"Multiple nearby stations show a coherent warming pattern with supporting humidity changes, representing a genuine regional heat event rather than an isolated sensor fault.",
GE_HEAT_0293,GENUINE_EVENT,REGIONAL_HEAT_EVENT,Ludhiana; Ambala; Chandigarh / Surajpur,2024-07-11,2024-07-11,temperature_suite,high,3,0,0,"Multiple nearby stations show a coherent warming pattern with supporting humidity changes, representing a genuine regional heat event rather than an isolated sensor fault.",
GE_HEAT_0294,GENUINE_EVENT,REGIONAL_HEAT_EVENT,Thrissur; Cochin Int. Airport / Kaladi; Coimbatore / Peelamedu,2023-08-10,2023-08-10,temperature_suite,high,3,0,0,"Multiple nearby stations show a coherent warming pattern with supporting humidity changes, representing a genuine regional heat event rather than an isolated sensor fault.",
GE_HEAT_0295,GENUINE_EVENT,REGIONAL_HEAT_EVENT,Chandigarh / Surajpur; Ludhiana; Ambala,2022-07-11,2022-07-11,temperature_suite,high,3,0,0,"Multiple nearby stations show a coherent warming pattern with supporting humidity changes, representing a genuine regional heat event rather than an isolated sensor fault.",
GE_HEAT_0296,GENUINE_EVENT,REGIONAL_HEAT_EVENT,Ludhiana; Patiala; Ambala,2023-04-17,2023-04-17,temperature_suite,high,3,0,0,"Multiple nearby stations show a coherent warming pattern with supporting humidity changes, representing a genuine regional heat event rather than an isolated sensor fault.",
GE_HEAT_0297,GENUINE_EVENT,REGIONAL_HEAT_EVENT,Ludhiana; Ambala; Chandigarh / Surajpur,2023-09-14,2023-09-14,temperature_suite,high,3,0,0,"Multiple nearby stations show a coherent warming pattern with supporting humidity changes, representing a genuine regional heat event rather than an isolated sensor fault.",
GE_HEAT_0298,GENUINE_EVENT,REGIONAL_HEAT_EVENT,Ambala; Ludhiana; Chandigarh / Surajpur,2023-10-20,2023-10-20,temperature_suite,high,3,0,0,"Multiple nearby stations show a coherent warming pattern with supporting humidity changes, representing a genuine regional heat event rather than an isolated sensor fault.",
GE_HEAT_0299,GENUINE_EVENT,REGIONAL_HEAT_EVENT,Ambala; Ludhiana; Chandigarh / Surajpur,2022-07-16,2022-07-16,temperature_suite,high,3,0,0,"Multiple nearby stations show a coherent warming pattern with supporting humidity changes, representing a genuine regional heat event rather than an isolated sensor fault.",
GE_HEAT_0300,GENUINE_EVENT,REGIONAL_HEAT_EVENT,Una; Shimla / Kanda; Mandi,2023-12-01,2023-12-01,temperature_suite,high,3,0,0,"Multiple nearby stations show a coherent warming pattern with supporting humidity changes, representing a genuine regional heat event rather than an isolated sensor fault.",
GE_HEAT_0301,GENUINE_EVENT,REGIONAL_HEAT_EVENT,Mandi; Una; Shimla / Kanda,2023-09-05,2023-09-05,temperature_suite,high,3,0,0,"Multiple nearby stations show a coherent warming pattern with supporting humidity changes, representing a genuine regional heat event rather than an isolated sensor fault.",
GE_HEAT_0302,GENUINE_EVENT,REGIONAL_HEAT_EVENT,Thrissur; Coimbatore / Peelamedu; Palakkad,2023-10-22,2023-10-22,temperature_suite,high,3,0,0,"Multiple nearby stations show a coherent warming pattern with supporting humidity changes, representing a genuine regional heat event rather than an isolated sensor fault.",
GE_HEAT_0303,GENUINE_EVENT,REGIONAL_HEAT_EVENT,Coimbatore / Peelamedu; Palakkad; Cochin Int. Airport / Kaladi,2022-10-09,2022-10-09,temperature_suite,high,3,0,0,"Multiple nearby stations show a coherent warming pattern with supporting humidity changes, representing a genuine regional heat event rather than an isolated sensor fault.",
GE_HEAT_0304,GENUINE_EVENT,REGIONAL_HEAT_EVENT,Patiala; Ambala; Chandigarh / Surajpur,2022-12-15,2022-12-15,temperature_suite,high,3,0,0,"Multiple nearby stations show a coherent warming pattern with supporting humidity changes, representing a genuine regional heat event rather than an isolated sensor fault.",
GE_HEAT_0305,GENUINE_EVENT,REGIONAL_HEAT_EVENT,Coimbatore / Peelamedu; Thrissur; Palakkad,2023-11-13,2023-11-13,temperature_suite,high,3,0,0,"Multiple nearby stations show a coherent warming pattern with supporting humidity changes, representing a genuine regional heat event rather than an isolated sensor fault.",
GE_HEAT_0306,GENUINE_EVENT,REGIONAL_HEAT_EVENT,Mandi; Una; Sundernagar / Sundarnagar,2023-05-14,2023-05-14,temperature_suite,high,3,0,0,"Multiple nearby stations show a coherent warming pattern with supporting humidity changes, representing a genuine regional heat event rather than an isolated sensor fault.",
GE_HEAT_0307,GENUINE_EVENT,REGIONAL_HEAT_EVENT,Ludhiana; Patiala; Ambala,2023-04-19,2023-04-19,temperature_suite,high,3,0,0,"Multiple nearby stations show a coherent warming pattern with supporting humidity changes, representing a genuine regional heat event rather than an isolated sensor fault.",
GE_HEAT_0308,GENUINE_EVENT,REGIONAL_HEAT_EVENT,Palakkad; Coimbatore / Peelamedu; Cochin Int. Airport / Kaladi,2022-02-03,2022-02-03,temperature_suite,high,3,0,0,"Multiple nearby stations show a coherent warming pattern with supporting humidity changes, representing a genuine regional heat event rather than an isolated sensor fault.",
GE_HEAT_0309,GENUINE_EVENT,REGIONAL_HEAT_EVENT,Coimbatore / Peelamedu; Thrissur; Palakkad,2021-03-08,2021-03-08,temperature_suite,high,3,0,0,"Multiple nearby stations show a coherent warming pattern with supporting humidity changes, representing a genuine regional heat event rather than an isolated sensor fault.",
GE_HEAT_0310,GENUINE_EVENT,REGIONAL_HEAT_EVENT,Sundernagar / Sundarnagar; Una; Mandi,2023-08-10,2023-08-10,temperature_suite,high,3,0,0,"Multiple nearby stations show a coherent warming pattern with supporting humidity changes, representing a genuine regional heat event rather than an isolated sensor fault.",
GE_RAIN_0311,GENUINE_EVENT,REGIONAL_RAIN_EVENT,Sundernagar / Sundarnagar; Una; Mandi,2024-09-11,2024-09-11,rainfall,high,3,0,0,"Multiple nearby stations show a coherent rainfall increase with supporting humidity and temperature changes, representing a genuine regional rain event rather than an isolated sensor fault.",
GE_RAIN_0312,GENUINE_EVENT,REGIONAL_RAIN_EVENT,Chandigarh / Surajpur; Ludhiana; Patiala,2024-12-14,2024-12-14,rainfall,high,3,0,0,"Multiple nearby stations show a coherent rainfall increase with supporting humidity and temperature changes, representing a genuine regional rain event rather than an isolated sensor fault.",
GE_RAIN_0313,GENUINE_EVENT,REGIONAL_RAIN_EVENT,Thrissur; Cochin Int. Airport / Kaladi; Palakkad,2021-02-03,2021-02-03,rainfall,high,3,0,0,"Multiple nearby stations show a coherent rainfall increase with supporting humidity and temperature changes, representing a genuine regional rain event rather than an isolated sensor fault.",
GE_RAIN_0314,GENUINE_EVENT,REGIONAL_RAIN_EVENT,Ludhiana; Patiala; Ambala,2022-01-31,2022-01-31,rainfall,high,3,0,0,"Multiple nearby stations show a coherent rainfall increase with supporting humidity and temperature changes, representing a genuine regional rain event rather than an isolated sensor fault.",
GE_RAIN_0315,GENUINE_EVENT,REGIONAL_RAIN_EVENT,Ludhiana; Ambala; Patiala,2024-05-11,2024-05-11,rainfall,high,3,0,0,"Multiple nearby stations show a coherent rainfall increase with supporting humidity and temperature changes, representing a genuine regional rain event rather than an isolated sensor fault.",
GE_RAIN_0316,GENUINE_EVENT,REGIONAL_RAIN_EVENT,Palakkad; Thrissur; Coimbatore / Peelamedu,2025-01-31,2025-01-31,rainfall,high,3,0,0,"Multiple nearby stations show a coherent rainfall increase with supporting humidity and temperature changes, representing a genuine regional rain event rather than an isolated sensor fault.",
GE_RAIN_0317,GENUINE_EVENT,REGIONAL_RAIN_EVENT,Una; Sundernagar / Sundarnagar; Mandi,2022-04-20,2022-04-20,rainfall,high,3,0,0,"Multiple nearby stations show a coherent rainfall increase with supporting humidity and temperature changes, representing a genuine regional rain event rather than an isolated sensor fault.",
GE_RAIN_0318,GENUINE_EVENT,REGIONAL_RAIN_EVENT,Palakkad; Thrissur; Coimbatore / Peelamedu,2022-09-02,2022-09-02,rainfall,high,3,0,0,"Multiple nearby stations show a coherent rainfall increase with supporting humidity and temperature changes, representing a genuine regional rain event rather than an isolated sensor fault.",
GE_RAIN_0319,GENUINE_EVENT,REGIONAL_RAIN_EVENT,Ludhiana; Chandigarh / Surajpur; Ambala,2021-08-15,2021-08-15,rainfall,high,3,0,0,"Multiple nearby stations show a coherent rainfall increase with supporting humidity and temperature changes, representing a genuine regional rain event rather than an isolated sensor fault.",
GE_RAIN_0320,GENUINE_EVENT,REGIONAL_RAIN_EVENT,Patiala; Ludhiana; Ambala,2021-12-02,2021-12-02,rainfall,high,3,0,0,"Multiple nearby stations show a coherent rainfall increase with supporting humidity and temperature changes, representing a genuine regional rain event rather than an isolated sensor fault.",
GE_RAIN_0321,GENUINE_EVENT,REGIONAL_RAIN_EVENT,Una; Mandi; Shimla / Kanda,2021-01-05,2021-01-05,rainfall,high,3,0,0,"Multiple nearby stations show a coherent rainfall increase with supporting humidity and temperature changes, representing a genuine regional rain event rather than an isolated sensor fault.",
GE_RAIN_0322,GENUINE_EVENT,REGIONAL_RAIN_EVENT,Ludhiana; Patiala; Ambala,2024-09-05,2024-09-05,rainfall,high,3,0,0,"Multiple nearby stations show a coherent rainfall increase with supporting humidity and temperature changes, representing a genuine regional rain event rather than an isolated sensor fault.",
GE_RAIN_0323,GENUINE_EVENT,REGIONAL_RAIN_EVENT,Thrissur; Cochin Int. Airport / Kaladi; Coimbatore / Peelamedu,2024-01-16,2024-01-16,rainfall,high,3,0,0,"Multiple nearby stations show a coherent rainfall increase with supporting humidity and temperature changes, representing a genuine regional rain event rather than an isolated sensor fault.",
GE_RAIN_0324,GENUINE_EVENT,REGIONAL_RAIN_EVENT,Patiala; Chandigarh / Surajpur; Ambala,2021-04-12,2021-04-12,rainfall,high,3,0,0,"Multiple nearby stations show a coherent rainfall increase with supporting humidity and temperature changes, representing a genuine regional rain event rather than an isolated sensor fault.",
GE_RAIN_0325,GENUINE_EVENT,REGIONAL_RAIN_EVENT,Sundernagar / Sundarnagar; Shimla / Kanda; Mandi,2022-01-15,2022-01-15,rainfall,high,3,0,0,"Multiple nearby stations show a coherent rainfall increase with supporting humidity and temperature changes, representing a genuine regional rain event rather than an isolated sensor fault.",
GE_RAIN_0326,GENUINE_EVENT,REGIONAL_RAIN_EVENT,Patiala; Ambala; Ludhiana,2023-02-08,2023-02-08,rainfall,high,3,0,0,"Multiple nearby stations show a coherent rainfall increase with supporting humidity and temperature changes, representing a genuine regional rain event rather than an isolated sensor fault.",
GE_RAIN_0327,GENUINE_EVENT,REGIONAL_RAIN_EVENT,Shimla / Kanda; Sundernagar / Sundarnagar; Una,2023-05-03,2023-05-03,rainfall,high,3,0,0,"Multiple nearby stations show a coherent rainfall increase with supporting humidity and temperature changes, representing a genuine regional rain event rather than an isolated sensor fault.",
GE_RAIN_0328,GENUINE_EVENT,REGIONAL_RAIN_EVENT,Una; Shimla / Kanda; Mandi,2024-10-22,2024-10-22,rainfall,high,3,0,0,"Multiple nearby stations show a coherent rainfall increase with supporting humidity and temperature changes, representing a genuine regional rain event rather than an isolated sensor fault.",
GE_RAIN_0329,GENUINE_EVENT,REGIONAL_RAIN_EVENT,Ambala; Chandigarh / Surajpur; Patiala,2023-04-09,2023-04-09,rainfall,high,3,0,0,"Multiple nearby stations show a coherent rainfall increase with supporting humidity and temperature changes, representing a genuine regional rain event rather than an isolated sensor fault.",
GE_RAIN_0330,GENUINE_EVENT,REGIONAL_RAIN_EVENT,Sundernagar / Sundarnagar; Una; Mandi,2024-10-25,2024-10-25,rainfall,high,3,0,0,"Multiple nearby stations show a coherent rainfall increase with supporting humidity and temperature changes, representing a genuine regional rain event rather than an isolated sensor fault.",
