station_name,month,avg_temp_mean,avg_temp_std,min_temp_mean,min_temp_std,max_temp_mean,max_temp_std,relative_humidity_mean,relative_humidity_std,air_pressure_mean,air_pressure_std
Ambala,1,11.830967741935483,2.44451593332981,7.832903225806451,2.3795424005527805,17.61032258064516,3.4724551401653585,72.8451210461053,3.610987213080871,1017.472077922078,2.76229270959766
Ambala,2,16.471544715447155,2.6961271655202523,10.46991869918699,2.5407154975001904,23.621951219512194,3.166772587438475,66.08845298898656,3.8296997039446112,1015.210569105691,3.1424072689509566
Ambala,3,22.437903225806455,3.1293936330995225,15.841129032258063,2.836349769639781,29.960483870967742,3.3272664761016335,60.57012129854356,4.783613629000659,1011.8290322580646,3.7823246216667528
Ambala,4,27.790000000000003,3.045216665167706,20.2575,2.7634974339099543,36.2275,3.3924523862948024,53.79763241472553,5.060280660729075,1007.7275000000001,2.803987631687331
Ambala,5,30.499193548387098,3.4728563246505533,23.641129032258064,3.108185157786653,38.01854838709678,3.7395788410205673,50.65067609008865,5.310943515470164,1003.4934426229509,3.778204954538385
Ambala,6,32.185833333333335,3.365377245659428,26.235833333333336,2.7037414423562853,39.05333333333333,3.8059425743896624,49.517704855962116,6.013573092829866,999.9508333333334,2.5418181752152087
Ambala,7,30.05564516129032,2.2101503616345437,26.28548387096774,1.7395772567661558,35.38467741935484,2.660339374243939,57.4112914241368,5.164342515175931,1000.1395161290322,2.6186267905202483
Ambala,8,29.75609756097561,1.4035170308826348,25.984552845528455,1.3268372675198492,34.838211382113826,1.3973933769820583,61.632760064861685,4.533939566646677,1001.8733333333333,2.3100341346138924
Ambala,9,28.601666666666667,1.8335337298166483,24.700840336134455,1.5039775398565984,33.79333333333333,2.0399675946237106,64.50789354812395,4.624334482068724,1004.9655172413793,1.8742234773842665
Ambala,10,25.51774193548387,2.4796750504099303,20.046774193548387,2.7444677682040144,32.24032258064516,2.0538252771546737,65.45131418157608,4.337674780459731,1010.5846774193549,3.4103869163902694
Ambala,11,19.723333333333336,2.136978678215685,14.078333333333335,2.4975680047548963,27.248333333333335,2.0235580334761685,67.8837010028391,3.1955008608346027,1015.0508333333333,1.75652425288704
Ambala,12,14.268292682926829,2.286428852433661,9.15040650406504,2.154042101348898,21.6260162601626,2.8989211503245533,70.90302618153942,3.6935976911695145,1017.4672131147541,2.2127146717707378
Bikaner,1,14.053246753246752,2.0621446045530902,7.479870129870131,2.487652642411722,21.788961038961038,2.7406540340619094,73.0449251398878,3.8108166185765295,1016.7084415584416,2.9777376879758943
Bikaner,2,20.109756097560975,3.032972210856419,12.43739837398374,3.2957100375295068,27.79918699186992,3.3305465493228654,66.5004241920958,4.265914078914387,1014.3585365853659,3.4875640150248937
Bikaner,3,26.25,3.7409076764740448,18.653225806451612,3.703512625837141,33.899193548387096,3.8923417819611226,60.51527950781986,5.100824679173486,1010.949193548387,3.851607118220781
Bikaner,4,30.984166666666667,2.733729432596476,23.256666666666668,2.696643831725293,38.25666666666667,3.0321452408987213,53.76798237594728,4.21368820050185,1007.01,2.706307602682342
Bikaner,5,34.52540983606558,3.3613152058816023,27.46639344262295,3.317312729416696,41.4827868852459,3.897057432460128,50.81092917325273,4.532781040121115,1002.2049180327868,3.730305915689865
Bikaner,6,34.50916666666667,2.7179452147672487,28.717499999999998,2.954690403096618,40.775,2.352622352349205,52.561608663881444,5.270375046398863,999.4791666666666,2.4732823029609805
Bikaner,7,32.67741935483871,2.350846196366739,27.876612903225805,2.158330763885882,38.269354838709674,2.4404177111251153,59.4283285623736,5.381012888187366,998.3016129032258,2.4822945021248977
Bikaner,8,31.217499999999998,2.0011619523826285,26.865000000000002,1.7396826717304896,36.336666666666666,2.130646066587415,64.1480899628656,4.184343326669568,1000.8883333333334,2.347971888416769
Bikaner,9,31.04051724137931,2.115449523542616,26.38362068965517,1.3836274923118788,36.064655172413794,2.8991229351483976,64.6833883832716,4.150847149517578,1003.6103448275862,2.037491181537394
Bikaner,10,28.633870967741935,2.4510454745219765,22.250806451612902,2.7782692152045225,35.476612903225806,2.4721903283666395,66.25253073355535,3.7845052634581444,1009.933870967742,3.335419357765733
Bikaner,11,22.70583333333333,2.9960000177641155,15.984166666666665,3.198082299153177,30.311666666666667,3.0620799031595065,69.18617447532243,4.077978285871591,1014.3050000000001,1.8059123255936225
Bikaner,12,16.338524590163935,2.332963451563799,9.511475409836066,2.4981711234821855,24.441803278688525,2.831372069455308,72.54455447917981,3.2513212565211864,1017.0245901639345,2.45189457781711
Car Nicobar,1,27.21233766233766,0.6238535023773496,25.944155844155844,0.8493740111682099,29.057792207792204,0.8578573755593821,57.36795535548427,3.194880251608568,1011.0487012987013,1.2088582098957026
Car Nicobar,2,27.404065040650405,0.6779185083265988,26.143089430894307,0.9050931752427367,29.052032520325206,0.818870633059864,56.895620030416175,3.5788151435747997,1011.0983739837399,1.5505675185175232
Car Nicobar,3,28.039516129032258,0.8009971984550665,26.478225806451615,1.060185632148054,29.800806451612903,0.8151508382279479,56.399967119607545,3.519855480707053,1010.3379032258064,1.7778489213953677
Car Nicobar,4,28.6625,1.0939914199347065,26.8125,1.1475631836653712,30.4575,1.1821972492500799,54.07955454169113,3.5265004108912055,1009.4775000000001,1.2409309665994397
Car Nicobar,5,28.498360655737706,1.0475460191518522,26.74098360655738,1.1912736498470602,30.139344262295083,1.1428221828705534,56.42097848250092,3.416324080720302,1008.2262295081968,1.6728657689052375
Car Nicobar,6,27.803333333333335,0.8406613376347434,26.14,1.5147121644644155,29.2225,0.8396140069533569,59.30444187120241,3.706931769083765,1008.7841666666667,1.0628166030189021
Car Nicobar,7,27.613709677419354,0.7312240186386408,26.08951612903226,1.0132310508168239,29.038709677419355,0.6653698375479579,63.29044615174966,3.6659753167427995,1008.133064516129,1.1866275074059764
Car Nicobar,8,27.44333333333333,0.7637516131640222,25.9375,0.9821997691684838,28.85666666666667,0.7478522000805151,68.515920259059,3.9680234320786356,1009.2366666666666,1.319341147855921
Car Nicobar,9,27.228448275862068,0.7784942025399472,25.72241379310345,1.0710487511249693,28.689655172413794,0.7176506732078085,70.88379175201486,4.261139145409864,1009.1706896551724,1.1224985516697745
Car Nicobar,10,26.87741935483871,0.6330772323037447,25.37983870967742,0.7772141033150486,28.504032258064516,0.8030834068143573,69.00665438414049,3.83017841223027,1010.0096774193548,1.6134807777903346
Car Nicobar,11,27.009999999999998,0.7758324344770295,25.48,0.874147844349866,28.7625,1.051214783480715,65.4265315859116,4.110648383530143,1009.8841666666667,1.2260475427286524
Car Nicobar,12,27.23166666666667,0.7227379470153898,25.850833333333334,0.9636237483018549,28.979166666666668,0.9980565849583446,58.878109656315054,3.2038400693560347,1010.7116666666666,1.6784438237450139
Chandigarh / Surajpur,1,12.225161290322582,2.0055634810232035,7.91741935483871,2.117464435282891,18.51032258064516,2.8198317669618747,77.91081978205388,3.8199225669874366,1016.7233766233766,2.632993083200516
Chandigarh / Surajpur,2,16.185365853658535,2.673080218934189,10.5,2.5381353682459453,23.21219512195122,3.4096195972103582,74.29123346779012,4.153027255182079,1014.8365853658536,3.1514833429823947
Chandigarh / Surajpur,3,22.031451612903226,3.074266835340652,15.735483870967743,3.013767691598794,29.351612903225806,3.2163071252190116,66.93131606002184,4.402444126880065,1011.6846774193548,3.6945586082413047
Chandigarh / Surajpur,4,26.995833333333334,3.0180520133327846,19.66166666666667,2.976382761295444,34.70333333333333,3.2388122455469306,60.30612899433118,5.179265789273068,1007.8266666666666,2.7546060229616405
Chandigarh / Surajpur,5,29.93089430894309,3.2564722459646207,23.40650406504065,2.993400934334034,36.78455284552845,3.7225285016981298,57.22119673028452,4.493257798633824,1003.7016393442624,3.7399558844474194
Chandigarh / Surajpur,6,31.5775,2.9450845674180033,25.895,2.5359548944905845,37.62583333333334,3.7163390279020727,57.82811494339093,5.302651435114803,1000.2108333333333,2.5150570380732686
Chandigarh / Surajpur,7,29.953225806451613,1.9130461591748098,26.256451612903227,1.4492634482229596,34.54758064516129,2.5770552208537683,63.34171984397141,5.604079317014116,1000.4169354838709,2.6061129443541784
Chandigarh / Surajpur,8,28.975,1.3826229932499363,25.62741935483871,1.2104113867403925,33.586290322580645,1.9604767413154705,68.60392777090249,4.1454086579397,1002.1775,2.3027737202605665
Chandigarh / Surajpur,9,28.04033613445378,1.4666530170755432,24.31016949152542,1.5017590728567034,33.17226890756302,1.8846356645497466,71.84132014802294,3.2321829521164096,1005.1681034482758,1.906492300942578
Chandigarh / Surajpur,10,24.049193548387095,2.4859113905988797,18.921774193548387,2.5336294376760566,30.55564516129032,2.5317914355384463,73.6830701612159,3.9163976533022162,1010.5443548387096,3.332942312496843
Chandigarh / Surajpur,11,18.871666666666666,1.9823245557319071,13.945833333333333,2.1068075268476885,25.66916666666667,2.0157278991931005,76.08510115157917,3.6071112647073815,1014.7533333333333,1.8183441231350836
Chandigarh / Surajpur,12,13.973770491803279,2.040734079505289,9.415573770491804,2.1744960655611765,20.663114754098363,2.47537294359116,78.90024395500053,3.501941125686572,1016.833606557377,2.1857393043849993
Cochin Int. Airport / Kaladi,1,26.003225806451614,1.0690704394587431,21.278709677419354,1.589820993630684,32.04903225806452,1.5600269620520297,73.75778624752783,3.310413683415981,1010.8929032258064,1.35833691655855
Cochin Int. Airport / Kaladi,2,26.962601626016262,0.9905618850905054,21.69349593495935,1.534773964101873,33.72032520325204,1.4015190441377885,72.15862819838853,2.888632317730982,1011.0422764227642,1.43241216536605
Cochin Int. Airport / Kaladi,3,27.758064516129032,0.7271837618140987,23.04516129032258,1.1345537311629978,34.071774193548386,1.347539792849304,72.0688587992706,3.56663439377675,1010.3467741935484,1.4761758704942372
Cochin Int. Airport / Kaladi,4,27.467499999999998,1.234052046625877,23.986666666666668,0.7302507147840241,32.74666666666666,1.779336734765588,73.73011549122167,3.5792768043343792,1009.3241666666667,1.3688611369766592
Cochin Int. Airport / Kaladi,5,26.378225806451614,1.3021908046389923,23.971774193548388,0.8386555717987558,30.299999999999997,2.277282648281193,77.29436246186381,3.8967732562774677,1008.3637096774194,1.6849566194227332
Cochin Int. Airport / Kaladi,6,25.447499999999998,0.6993349181408658,23.290833333333335,0.5164513421373976,28.868333333333332,1.2611841396773387,80.30060215052653,3.571640293338852,1009.1883333333334,1.1016552354085722
Cochin Int. Airport / Kaladi,7,25.07903225806452,0.7467299109628373,23.103225806451615,0.5372219241164465,28.187096774193545,1.3745046553101177,83.811901579723,3.3309168251299512,1009.3620967741934,1.2827557189352288
Cochin Int. Airport / Kaladi,8,25.427500000000002,0.8377603696611522,23.28083333333333,0.5719340376453986,28.727500000000003,1.6400944069978265,86.62634329655012,3.5301620612163047,1009.5725,1.7158657809255642
Cochin Int. Airport / Kaladi,9,25.24615384615385,0.7423794992824818,23.108547008547006,0.5669903376864242,28.55213675213675,1.3733672619915067,86.61053156544158,3.978442246445546,1009.7444444444445,1.0139071273223401
Cochin Int. Airport / Kaladi,10,25.2241935483871,0.627081375632665,22.725806451612904,0.5543429374635904,29.32016129032258,1.348107968867906,86.52770645061358,4.266255876294163,1010.2790322580646,1.6965423562146944
Cochin Int. Airport / Kaladi,11,25.279999999999998,0.8035216604569728,22.33833333333333,0.6649929971620057,29.842499999999998,1.4499876846767625,82.81032847844288,4.121965216050082,1010.1258333333334,1.3531473323630019
Cochin Int. Airport / Kaladi,12,25.8175,0.9094889598380108,21.84916666666667,1.2825261203186948,30.989166666666666,1.5376942158311462,75.42730329605008,4.50910876979635,1010.6716666666667,1.5519672164374045
Coimbatore / Peelamedu,1,24.919354838709676,0.9677324395568193,20.68064516129032,1.4853875603493911,30.201290322580643,1.5243898969826,71.13369358297088,3.2796027196860345,1013.8025806451612,1.4988718002714154
Coimbatore / Peelamedu,2,26.63983739837398,1.1274328766613038,20.85528455284553,1.641381028482134,32.90975609756098,1.3271079510704784,68.70896409282817,2.927589003490437,1013.6325203252032,1.6776494062590175
Coimbatore / Peelamedu,3,28.842741935483872,1.0384614469318096,22.887096774193548,1.7564268858090157,35.542741935483875,1.1164820903465098,66.89271522201184,2.9402417238329868,1011.8419354838709,2.148779073799596
Coimbatore / Peelamedu,4,29.819166666666668,1.505524606818732,24.756666666666668,1.2631648483763553,36.61,1.4189829474105793,65.7251780332874,2.976161090201621,1010.0433333333333,1.5501549574661648
Coimbatore / Peelamedu,5,28.333064516129035,1.6357152918919082,24.299999999999997,1.3122313894706952,34.70241935483871,2.005255846445447,67.13617816438737,3.9401020346442057,1008.4693548387097,1.7164994355053582
Coimbatore / Peelamedu,6,27.489166666666666,1.0394565349042648,23.771666666666665,0.9218344273700093,33.6175,1.465322547450635,70.62001096764692,3.2926089299705903,1008.5699999999999,1.1769209222130654
Coimbatore / Peelamedu,7,26.32177419354839,1.1650437364951152,22.956451612903226,0.87347934627635,31.97258064516129,1.6449152354011618,76.1826875929075,3.3946354280362274,1008.4620967741936,1.3386434549579536
Coimbatore / Peelamedu,8,26.7900826446281,1.025703413815583,23.088429752066116,0.8318844153130731,32.763636363636365,1.4961617559608977,79.63261755499073,2.9875012793759597,1009.1725,1.6263049059320642
Coimbatore / Peelamedu,9,26.892436974789913,0.8855870086037391,23.135294117647057,0.728893779350102,32.818487394957984,1.2747194032582876,80.2505360012518,2.8779225376213033,1009.2666666666667,1.0664960352028814
Coimbatore / Peelamedu,10,26.73225806451613,1.028737357515242,23.011290322580646,0.9900488349143911,32.248387096774195,1.3425787509849763,80.22930049052744,4.003573190031626,1010.9903225806452,1.8532511250486665
Coimbatore / Peelamedu,11,25.688333333333333,1.0658316935049132,22.404166666666665,1.1413831969329566,30.495833333333334,1.411917810908944,77.66640899633308,3.913522110878807,1011.9466666666667,1.6229412729209474
Coimbatore / Peelamedu,12,25.245967741935484,1.0786470894905373,21.49435483870968,1.5525118602825112,30.059677419354838,1.4298740267919057,73.52320405028894,3.502676710544499,1013.0983471074379,2.2060516566584525
Ludhiana,1,11.685806451612903,2.7309538486277516,6.898064516129033,2.599387314617631,17.673548387096776,2.7021174337711966,75.83171966943978,4.217430897141701,1017.3571428571429,2.8072468578012613
Ludhiana,2,15.921138211382113,3.3285711017044064,8.9,2.474360324688675,23.284552845528456,3.1854956255473312,71.32174040564601,4.80259279727563,1015.180487804878,3.3068398697291843
Ludhiana,3,21.923387096774192,3.227904474437296,14.338709677419354,3.1011067963199856,29.370967741935484,3.449208090886299,63.70545799015956,4.848041346857372,1011.8266129032259,3.849086236636954
Ludhiana,4,26.808333333333334,3.1111505433008584,18.270833333333332,2.733956895805649,35.33083333333333,3.6813588063464318,58.41090686283744,4.237269263559861,1007.7691666666667,2.8899360532989466
Ludhiana,5,31.300806451612903,3.244996046892552,23.00483870967742,3.007763797774823,38.54838709677419,3.781393984607264,53.070241799990136,4.827736556487128,1003.0112903225806,3.9390521264467946
Ludhiana,6,32.446666666666665,2.9717983501869165,25.571666666666665,2.662127263792518,38.81166666666666,3.6977209272770186,53.61550711445038,5.585469144824456,999.5224999999999,2.6667092521109637
Ludhiana,7,30.44677419354839,2.137106754921298,26.28467741935484,1.6402976308767732,34.67338709677419,2.2598333944981577,61.46459323235337,5.035723616740554,999.558064516129,2.661990720763246
Ludhiana,8,30.06829268292683,1.640537550505368,25.865040650406506,1.0815125822417024,34.03333333333334,1.3297766770886608,66.09318866831791,3.447179621400536,1001.4758333333334,2.3332091303478477
Ludhiana,9,28.66896551724138,1.9090819005868827,24.20689655172414,1.5828276369636203,33.22586206896552,1.7358180975453967,67.04483922557215,4.131909503376227,1004.6525862068966,1.9496024659177045
Ludhiana,10,24.662096774193547,2.6653022752027384,18.60483870967742,2.784388967977255,31.76451612903226,2.2192137166264407,71.621894210358,3.8576106891850652,1010.3661290322581,3.4587202646924537
Ludhiana,11,18.605833333333333,2.4294860899096395,12.844166666666666,2.639289305706308,26.82,2.06595451722125,73.5495767548213,2.9421829390395122,1014.8616666666666,1.7789706840412163
Ludhiana,12,13.063114754098361,2.1790588923074456,7.636065573770492,2.189345559553269,20.913114754098363,3.0233512908765636,76.66429397882439,3.7655528616933656,1017.416393442623,2.215660290209096
Mandi,1,10.061038961038962,1.5805315432652491,3.811038961038961,2.0858866451730615,17.637662337662338,2.6572647473532873,83.30306556637309,4.181032460652601,1017.1064935064935,2.4758883089223414
Mandi,2,11.44390243902439,2.901925486877195,4.597560975609756,3.112203989864769,20.1260162601626,3.7511711263824754,81.88881877950307,4.687505600901327,1016.4772357723577,2.9430054062140703
Mandi,3,17.203225806451613,3.218794792476926,9.893548387096773,3.0981699800498244,25.938709677419357,4.141417016782716,75.64328207363413,5.170550564214872,1014.3862903225806,3.389782223799026
Mandi,4,21.146666666666665,2.9478644408969648,13.694166666666666,2.6161841425609,29.761666666666667,3.8697747819149755,70.4147168787512,5.2962096962108935,1011.6083333333333,2.6007621162717616
Mandi,5,24.695081967213117,3.1202842755377254,17.758196721311474,2.5455142903356904,32.304098360655736,4.162592118772871,66.06796144316066,4.207188949432481,1007.4918032786885,3.5737470245796077
Mandi,6,27.439166666666665,2.5652917940841573,21.259166666666665,2.1526023271174557,34.04083333333333,3.4567069342268,65.14126884238537,4.43378276215367,1003.9891666666666,2.3614835044387967
Mandi,7,26.525,1.2419905999670449,23.208870967741937,1.1065960475637024,30.723387096774193,2.313730977432276,71.95868117657169,4.940502716544483,1003.8,2.6945895806467366
Mandi,8,25.654166666666665,0.7072132353287016,22.4025,1.172977429629474,29.950833333333332,1.5323402124236782,76.79607377151783,3.997156586211431,1005.4325,2.2457864374621765
Mandi,9,24.31293103448276,1.0172024869956937,20.225862068965515,1.5451534714632111,29.271551724137932,1.5760051883871107,78.21624543908035,3.1994416360558837,1008.4560344827586,1.9454870315951551
Mandi,10,20.046774193548387,2.217939990679514,14.172580645161291,2.6056330070497684,26.72741935483871,2.222733200278959,80.83809507210738,3.037762548855436,1013.5483870967741,3.0851462621234034
Mandi,11,15.07,1.859999096412539,8.841666666666667,2.0331530893156664,22.41,1.9866952416496293,81.55839033804527,3.5906386842812514,1016.8050000000001,1.8758908247962647
Mandi,12,10.484426229508196,1.8875416033640937,3.665573770491803,1.9729899486536027,18.550819672131148,2.2884996673680553,85.58038213106838,3.358760746405731,1017.9188524590164,2.172606766046224
Palakkad,1,26.971428571428575,0.9184182399604569,22.45194805194805,1.0927701071532314,32.72857142857143,1.5095216004366665,76.85496259146045,3.083517336773478,1011.6980519480519,1.3701042744162883
Palakkad,2,28.651219512195123,0.9270405807216198,23.066666666666666,1.102357136698721,35.646341463414636,1.2760269206091068,73.53079617715763,3.1227384471024435,1011.539837398374,1.5157500895594276
Palakkad,3,29.913709677419355,0.8734879783722684,24.313709677419357,0.9327234950828533,37.60322580645161,1.5818038218156907,72.79981243738581,3.2859982417752747,1010.3903225806451,1.6389278348790248
Palakkad,4,29.788333333333334,1.7842534080364343,25.220833333333335,1.0258749766843493,37.09166666666667,3.0518649301403675,72.2130396152613,3.0866697749987386,1009.1658333333332,1.3880943852666912
Palakkad,5,27.477049180327867,1.819171861596401,24.72213114754098,1.1009771989353494,32.467213114754095,3.146096692806458,76.80270908469518,4.28434562622608,1008.1221311475409,1.7023324929468036
Palakkad,6,25.706666666666667,1.0550983333306894,23.5575,0.7044471579326067,29.689166666666665,1.8343041101811477,81.45717217182224,3.443099792236251,1008.8141666666667,1.1329515133723502
Palakkad,7,24.70241935483871,0.9709992933003733,22.888709677419353,0.5434322834860431,27.98467741935484,1.9890367957306678,87.11748887467493,4.13161295190364,1008.7870967741936,1.2565902852681325
Palakkad,8,25.428333333333335,1.1075890489710378,23.19,0.6309123712276282,29.316666666666666,2.104510295872694,90.25804183265521,4.167169947907758,1009.1658333333332,1.6675597747130069
Palakkad,9,25.24051724137931,0.9136623339996661,23.06551724137931,0.5192140294674265,29.068103448275863,1.806971963302673,92.93059272131131,3.2080751598743844,1009.3491379310345,1.0441968571403264
Palakkad,10,25.77016129032258,0.7901816029520371,23.111290322580647,0.6184441108779131,30.24516129032258,1.702382588561975,89.26921360328933,3.4949366438743668,1010.2750000000001,1.7552534387221834
Palakkad,11,26.046666666666667,1.158594724955485,22.980833333333333,0.8931387231060386,30.71833333333333,1.7602990260363223,84.08683601802841,3.897714735434177,1010.4616666666666,1.4281787975849467
Palakkad,12,26.420661157024796,1.0143074283611695,22.623966942148762,1.1436800829914833,31.31487603305785,1.4739776771842443,79.20132440296706,3.8619343637330767,1011.3115702479339,1.788397331068833
Patiala,1,11.444516129032259,2.3336093758155005,7.2612903225806456,2.377147343579602,17.94967741935484,3.5966682669574572,76.19543452088979,3.8048963193019607,1017.6402597402598,2.7806878229487366
Patiala,2,15.966666666666667,2.5244271113338095,9.66178861788618,2.4351093261620083,24.21951219512195,3.3657546966659275,70.43847588125027,4.573800712539643,1015.409756097561,3.194652669341245
Patiala,3,22.164516129032258,2.998622815286313,15.292741935483871,2.9229446503134855,30.683870967741935,3.1284009031544513,63.69526639095465,3.950799918575037,1012.0112903225806,3.812713215201059
Patiala,4,27.430833333333332,3.0465242858197685,19.328333333333333,2.755290810600651,37.13166666666667,3.5093388812928183,56.99848873056251,4.6036374562475775,1007.8466666666667,2.8332637987842744
Patiala,5,30.63790322580645,3.511412120499318,23.33951612903226,3.0635496322617706,39.26370967741936,3.860606436995232,54.331542951715,5.191241135364982,1003.4467213114754,3.8342989796692293
Patiala,6,32.236666666666665,3.235489477167674,25.984166666666667,2.5438340623347795,39.65,3.838789199866071,54.16355370556315,5.063628854703181,999.9449999999999,2.567176456339367
Patiala,7,30.25564516129032,2.1581120332046195,26.61774193548387,1.6873054666358764,35.57258064516129,2.493351768648773,61.61296315691599,5.3858176468899535,1000.0129032258066,2.6339857504640802
Patiala,8,30.008943089430893,1.4070086936290598,26.301626016260162,1.411021240434371,35.305691056910575,1.3650377291974327,65.53925969763186,4.053743202228448,1001.8708333333333,2.300069265794212
Patiala,9,28.534166666666668,1.7444507856105784,24.736974789915966,1.445147669788336,34.439166666666665,2.0159154908146437,69.17467620258387,4.6171453690597595,1005.0120689655172,1.894300613047923
Patiala,10,24.858064516129033,2.470248885594211,19.106451612903225,2.8976509110860307,33.26532258064516,1.936514526922508,69.74664939611236,3.851852234245502,1010.7322580645161,3.407823337607234
Patiala,11,18.944166666666668,2.304318045032208,12.821666666666665,3.001153373059673,28.705,2.0090488572765883,72.10893704570114,3.045279165258486,1015.1608333333334,1.7357969052738895
Patiala,12,13.341463414634147,2.175682550873433,7.888617886178862,2.1790057610962346,22.095934959349595,3.518275433862722,76.38017893679348,3.540044203390522,1017.6598360655738,2.2069259813036397
Shimla / Kanda,1,7.713071895424836,2.1245957141876217,2.55359477124183,2.1469692881322278,14.447712418300654,3.0893297895063934,84.1178836283803,4.0135768300375005,1017.3156862745097,2.537381515176691
Shimla / Kanda,2,9.16910569105691,2.9144391829360448,3.627642276422764,2.9838170298639706,16.09268292682927,3.6544643870227542,81.56254319426083,4.06690863278431,1016.8869918699188,2.9085504064991814
Shimla / Kanda,3,13.933064516129033,2.920956569406104,8.17741935483871,2.772156529258724,20.68064516129032,3.4323349425163454,76.97845458821122,4.6156451160114695,1015.175,3.4906990238055045
Shimla / Kanda,4,17.7525,2.7603727217579164,11.453333333333335,2.6164615702240654,24.49416666666667,3.3300338361854616,72.8003037110586,4.479476374488294,1012.7383333333333,2.763634901926941
Shimla / Kanda,5,20.76290322580645,3.2014343264630902,14.740322580645161,2.4954892429666757,26.787096774193547,3.669163253717192,69.33002526146123,5.517048657755769,1009.4056451612903,3.530800651257412
Shimla / Kanda,6,22.925,2.598876615744877,17.970000000000002,2.3071536540060094,27.926666666666666,3.0483700930316235,68.6279047732055,4.987145984623628,1006.2766666666666,2.3712115590353933
Shimla / Kanda,7,21.903225806451612,0.930506941462072,18.986290322580647,0.8664791552078158,25.376612903225805,1.4894812143703704,75.16351236032875,3.8580091239898047,1005.7153225806452,2.6912699681446006
Shimla / Kanda,8,21.17,0.687902670465533,18.174166666666668,1.1493875485208103,24.824166666666667,1.2313138322545565,78.2145876037105,3.136212463072922,1007.3708333333333,2.421798617436459
Shimla / Kanda,9,20.014655172413793,0.9579193312995403,16.332758620689653,1.42997572871278,24.573275862068964,1.701168793026963,81.02445111962582,3.3846701096119483,1010.7086206896552,1.995933647303389
Shimla / Kanda,10,16.691129032258065,1.9123480691774857,11.608064516129033,2.0242271143421564,23.006451612903227,2.1708618023999877,82.39971790610177,3.7903172574937845,1015.3024193548387,3.1211438311268846
Shimla / Kanda,11,12.534166666666666,1.7463766009921786,7.608333333333333,1.7445995101972231,19.505,2.175912828827355,83.00045906817233,2.919763584741485,1017.9116666666666,2.0876661945952932
Shimla / Kanda,12,8.664166666666667,2.2200308815072685,3.595833333333333,2.345795302715243,15.615,2.8134625337067174,83.82284630896318,3.9897464665444313,1018.3675000000001,1.954617996592946
Sundernagar / Sundarnagar,1,10.764935064935065,1.4712287544917888,4.156493506493507,2.2671834856212896,17.892207792207792,2.4511043920759317,79.97951703136076,3.9373207614463586,1016.9136363636364,2.4701371500600633
Sundernagar / Sundarnagar,2,12.538211382113822,2.6562182017445823,6.192682926829269,2.4170897936923423,20.65528455284553,3.7457780222720722,78.18290535528018,4.131734726508758,1015.9772357723577,2.975881547531597
Sundernagar / Sundarnagar,3,17.77741935483871,2.976406921806088,11.082258064516129,2.4259118941600324,26.237903225806452,3.944360855660181,71.0631479143766,5.226338104589605,1013.8185483870968,3.425593935458171
Sundernagar / Sundarnagar,4,21.320833333333333,2.8670804942003434,13.473333333333333,2.117543103579761,29.98,3.9889258468621227,67.4066736201782,4.787471115756866,1010.8308333333333,2.6167783076685165
Sundernagar / Sundarnagar,5,24.59016393442623,3.0786497479291253,17.127868852459017,2.4286942482027705,32.34508196721311,4.235780343359743,63.25558495039363,4.348268464727184,1006.7893442622951,3.533214474827644
Sundernagar / Sundarnagar,6,26.965833333333332,2.4091734986876125,20.418333333333333,2.0730760376076613,33.6725,3.659153653809153,62.18305730709199,5.521220291852275,1003.3833333333333,2.371516315746997
Sundernagar / Sundarnagar,7,26.081451612903226,1.2504546773388772,22.745967741935484,1.0516266295870653,30.9008064516129,2.241279250267939,69.26290299790894,4.482602621419873,1003.3935483870968,2.6318790448238674
Sundernagar / Sundarnagar,8,25.41166666666667,0.8130431819321006,22.319166666666668,1.1410812971084239,30.64333333333333,1.928152044866599,72.78483864141481,3.569457385347767,1005.0699999999999,2.2663634662923227
Sundernagar / Sundarnagar,9,24.28965517241379,1.0421866068695327,20.67413793103448,1.4304830859085567,29.95948275862069,2.0610245847225084,76.12956170744377,2.942531508315311,1008.028448275862,1.9182331560005264
Sundernagar / Sundarnagar,10,20.313709677419357,2.1273799557209205,14.206451612903225,2.847184943647095,28.508064516129032,2.59557461953224,77.71150504216276,3.104087434022857,1013.066935483871,3.0692739475174404
Sundernagar / Sundarnagar,11,15.464166666666667,1.6723553476948563,8.118333333333334,2.3915812895291193,23.826666666666664,2.234742228788737,78.83991394528292,3.8841141475440915,1016.4533333333333,1.8006970327962863
Sundernagar / Sundarnagar,12,11.352459016393443,1.676932121846818,3.537704918032787,2.2995266443857694,18.96639344262295,2.256106888027378,79.97922563862842,2.9497368991172563,1017.6327868852459,2.103065162607567
Thrissur,1,27.455194805194807,0.9879034516473552,23.348051948051946,1.1050815945517771,33.68766233766234,1.5136558316678868,77.01417807120424,3.4003816461493894,1010.9292207792208,1.3161602562829795
Thrissur,2,28.317886178861787,1.0104399723675976,23.377235772357725,1.4774708678235329,35.729268292682924,1.6866754431069002,75.31891968264415,2.8892862875056653,1011.0130081300814,1.4342393511289147
Thrissur,3,28.788709677419355,0.8148230071087332,24.075806451612905,0.8113394493501805,35.56290322580645,2.111619720550355,75.6739538434407,3.581027124537871,1010.2741935483871,1.5002368901150618
Thrissur,4,28.308333333333334,1.3591014909656642,24.4325,0.9617178694940655,33.53,2.1460379753388894,76.74840290568856,3.986332564597116,1009.2166666666667,1.3621740737817079
Thrissur,5,26.981147540983606,1.4389121216232181,24.370491803278686,0.9691683854915987,30.92459016393443,2.2913892525451245,80.57729917849392,4.245062543692564,1008.166393442623,1.724045341570622
Thrissur,6,25.842499999999998,0.7239785618256892,23.678333333333335,0.6343372553314209,29.216666666666665,1.2384140938260972,83.18709660720452,3.2284569682515434,1009.0183333333333,1.1160391647997847
Thrissur,7,25.375806451612902,0.7313392290350064,23.45725806451613,0.49191402961905895,28.299193548387095,1.322199200749307,87.6020858680827,4.013489747028311,1009.1774193548387,1.291928583547954
Thrissur,8,25.7525,0.8102248365202619,23.581666666666667,0.5174246721181022,28.89333333333333,1.4063919707358024,90.42248918419214,3.980575315975508,1009.4074999999999,1.739079371053371
Thrissur,9,25.600862068965515,0.7262166031719718,23.38706896551724,0.5378750739738732,28.736206896551725,1.2594958654487336,92.89034848938272,3.907178564567698,1009.5741379310346,1.0393242528435171
Thrissur,10,25.641935483870967,0.591689983398601,22.962903225806453,0.5961213034649873,29.593548387096774,1.2746268024188636,91.05323072184581,4.52155557930916,1010.1483870967742,1.7223298585406766
Thrissur,11,25.971666666666668,1.1205628337696067,22.854166666666668,1.007609354186562,30.538333333333334,1.7576810225495407,85.57237682079476,5.167261008734807,1010.0391666666667,1.3537557984750055
Thrissur,12,26.7675,1.184505179814931,23.208333333333332,1.275798206781059,31.749166666666667,1.7578154812455256,79.56364891638813,4.154766413233444,1010.6825,1.599246802758872
Una,1,11.78116883116883,1.6512530191951926,7.102597402597402,2.057981371891406,18.115584415584415,2.2151625405515336,80.79989637263736,3.0548106792983165,1017.0681818181819,2.598559292781049
Una,2,14.861788617886178,2.8166227982706946,9.067479674796747,2.613787401358713,22.131707317073168,3.309854067239435,77.15282615124991,4.2167821255081845,1015.360975609756,3.1530270167337187
Una,3,20.692741935483873,3.1748291903889596,14.285483870967743,2.899500757374303,28.19516129032258,3.8818496730737833,71.68764191383977,4.8276772712891995,1012.3629032258065,3.6762358740892442
Una,4,24.9575,3.2393759773587676,17.8275,2.793568920024055,32.97833333333333,4.033831369579955,64.84583488507856,5.173004413645216,1008.7383333333333,2.799885451838547
Una,5,28.628688524590164,3.45290581921896,22.102459016393443,2.8396095388305085,35.949999999999996,4.2430935619199674,60.90551940716828,6.320366816711461,1004.2721311475409,3.827828987757681
Una,6,30.58833333333333,3.0413725156105933,24.985,2.3988670294974836,36.67166666666667,3.989864961244127,60.50286141974312,5.15128706446046,1000.7175000000001,2.5729250430805277
Una,7,28.538709677419355,1.5244729691689243,25.324193548387097,1.0231762254131616,32.64435483870968,2.390676416147609,68.55900300432812,4.772283939821568,1000.9024193548387,2.662063009207039
Una,8,27.750833333333333,0.8104356991205186,24.598333333333336,0.8541528146721321,31.95583333333333,1.4004678589991402,73.24645439787359,3.9277567961419284,1002.6983333333334,2.329928888925786
Una,9,26.80258620689655,1.1151495284331234,23.19396551724138,1.3348368272273363,31.512931034482758,1.576872533373179,74.07894444113896,3.276497924293183,1005.748275862069,1.9303742713749217
Una,10,23.11774193548387,2.280174304672898,17.85483870967742,2.5225279241755634,30.308870967741935,2.387944385809558,76.48672397482251,3.7327315824562897,1011.1895161290323,3.318213314626392
Una,11,17.83083333333333,2.1356830656402988,12.263333333333332,2.331513496009154,25.173333333333336,2.3078504434793388,78.84338109475752,3.0593996449012377,1015.3183333333333,1.791669956351623
Una,12,13.200000000000001,1.782560142367439,7.4311475409836065,1.9921366894924655,20.487704918032787,2.059470278873281,80.37118316813434,3.5658818745241794,1017.316393442623,2.144890552053235
